Workbook

Sheet Léeme
A1: Resultados — FloodNet (U-Net híbrido, DeepLabV3+, YOLO11n-seg)
A2: Cómo leer este libro
A4: HOJAS
A5: Resumen | B5: Métricas globales de test de los tres modelos, estadísticas por imagen, entrenamiento y una comprobación frente a las cifras de los cuadernos. En verde, el mejor de cada fila.
A6: Por clase | B6: IoU, Dice, precisión y recall de cada clase sobre todo el test, los tres modelos lado a lado.
A7: Distribución de clases | B7: Representación de cada clase en todo el dataset usado (2.247 imágenes, no solo test): % de píxeles y de imágenes por partición, parte de la imagen que ocupa cuando aparece, IoU de test de los tres modelos y correlación de Spearman entre ambas.
A8: Comparación por imagen | B8: Una fila por imagen de test con Mean_IoU, precisión, recall y pixel accuracy de los tres modelos, el mejor modelo y la diferencia entre el mejor y el peor. Admite filtros.
A9: U-Net / DeepLabV3+ / YOLO11n-seg | B9: Una fila por imagen: IoU, precisión y recall de cada clase y el resumen de la imagen. Los bloques por clase se pueden plegar con los botones [1] [2] de la esquina.
A10: Parámetros | B10: Arquitectura, entrenamiento e inferencia de cada modelo.
A11: DEFINICIONES
A12: IoU de una clase | B12: TP / (TP + FP + FN) en píxeles. Vacía si la clase no está ni en la referencia ni en la predicción.
A13: Precisión de una clase | B13: TP / (TP + FP): de los píxeles que el modelo asigna a la clase, cuántos son correctos. Vacía si el modelo no predice la clase en esa imagen.
A14: Recall de una clase | B14: TP / (TP + FN): de los píxeles de la clase en la referencia, cuántos encuentra el modelo. Vacío si la clase no está en la referencia.
A15: Precisión / Recall / Mean_IoU | B15: Media de la métrica sobre las clases con valor en esa imagen (celdas vacías fuera). Son fórmulas: se recalculan si se cambia algún valor por clase.
A16: Pixel accuracy | B16: Píxeles bien clasificados / total de píxeles de la imagen.
A17: % píxeles sin predicción | B17: Solo YOLO: píxeles que ninguna instancia cubre. Cuentan como error (FN) de su clase real.
A18: mIoU global ≠ media por imagen | B18: El mIoU de la hoja Resumen acumula los píxeles de todo el test y divide una vez (como los cuadernos). La media de Mean_IoU por imagen pesa igual cada imagen y suele salir más baja: en una imagen, una clase con pocos píxeles mal segmentada baja mucho su media.
A19: Por qué YOLO gana en la media por imagen | B19: En la media por imagen, cada clase que el modelo predice y no está en la referencia suma un IoU de 0. El U-Net deja de media 0,51 clases espurias por imagen, DeepLabV3+ 0,42 y YOLO 0,33, porque YOLO descarta las detecciones poco seguras. A cambio YOLO se salta más clases reales (0,18 por imagen, frente a 0,10 del U-Net), que pesan poco en esa media pero sí en el mIoU global.
A20: ORIGEN DE LOS DATOS
A21: Imágenes | B21: Las 426 imágenes de la partición test oficial de FloodNet-Supervised v1.0 que no tienen una máscara de una sola clase, reducidas a 512×512 (data/cache512_full). Mismas imágenes para los tres modelos. La hoja «Distribución de clases» usa además las de train y val: 2.247 imágenes en total.
A22: Inferencia | B22: Recalculada en CPU con los checkpoints entrenados y la misma configuración que cada cuaderno: U-Net con TTA de 4 volteos (best_model_iou_full.pth), DeepLabV3+ con su ONNX y YOLO con best.pt, conf 0,25. El mIoU global coincide con el de los cuadernos a 4 decimales (ver Resumen, Comprobación).
A23: Referencias | B23: Las máscaras de test son las oficiales, que tienen errores de anotación (sobre todo agua/hierba). Las cifras absolutas están afectadas por ese ruido; la comparación entre modelos es justa.

Sheet Resumen
A1: FloodNet — resultados de test de las tres arquitecturas
A2: Test oficial de FloodNet-Supervised v1.0 sin máscaras de una sola clase: 426 imágenes a 512×512.
B3: Matriz de confusión acumulada sobre todo el test
A4: Métrica (test completo) | B4: U-Net | C4: DeepLabV3+ | D4: YOLO11n-seg | E4: Mejor
A5: mIoU (10 clases) | B5: 0.73145947 | C5: 0.70935146 | D5: 0.70491346 | E5: =INDEX($B$4:$D$4,MATCH(MAX(B5:D5),B5:D5,0))
A6: mIoU (sin Background) | B6: 0.75431374 | C6: 0.7381444 | D6: 0.73947243 | E6: =INDEX($B$4:$D$4,MATCH(MAX(B6:D6),B6:D6,0))
A7: Dice medio (10 clases) | B7: 0.84057968 | C7: 0.8227507 | D7: 0.8184974 | E7: =INDEX($B$4:$D$4,MATCH(MAX(B7:D7),B7:D7,0))
A8: Dice medio (sin Background) | B8: 0.85740106 | C8: 0.8451792 | D8: 0.84664611 | E8: =INDEX($B$4:$D$4,MATCH(MAX(B8:D8),B8:D8,0))
A9: Precisión (media por clase) | B9: 0.85499432 | C9: 0.8212877 | D9: 0.83368162 | E9: =INDEX($B$4:$D$4,MATCH(MAX(B9:D9),B9:D9,0))
A10: Recall (media por clase) | B10: 0.83611164 | C10: 0.83117645 | D10: 0.81388296 | E10: =INDEX($B$4:$D$4,MATCH(MAX(B10:D10),B10:D10,0))
A11: Pixel accuracy | B11: 0.90993853 | C11: 0.90769877 | D11: 0.88984115 | E11: =INDEX($B$4:$D$4,MATCH(MAX(B11:D11),B11:D11,0))
A12: % píxeles sin predicción | B12: 0 | C12: 0 | D12: 0.029910558 | E12: =IF(COUNTIF(B12:D12,MIN(B12:D12))>1,"Empate",INDEX($B$4:$D$4,MATCH(MIN(B12:D12),B12:D12,0)))
B14: Estadísticas por imagen (a partir de la hoja Comparación por imagen)
A15: Métrica | B15: U-Net | C15: DeepLabV3+ | D15: YOLO11n-seg | E15: Mejor
A16: Mean_IoU medio por imagen | B16: =AVERAGE('Comparación por imagen'!B5:B430) | C16: =AVERAGE('Comparación por imagen'!C5:C430) | D16: =AVERAGE('Comparación por imagen'!D5:D430) | E16: =INDEX($B$15:$D$15,MATCH(MAX(B16:D16),B16:D16,0))
A17: Mean_IoU mediano por imagen | B17: =MEDIAN('Comparación por imagen'!B5:B430) | C17: =MEDIAN('Comparación por imagen'!C5:C430) | D17: =MEDIAN('Comparación por imagen'!D5:D430) | E17: =INDEX($B$15:$D$15,MATCH(MAX(B17:D17),B17:D17,0))
A18: Mean_IoU mínimo (peor imagen) | B18: =MIN('Comparación por imagen'!B5:B430) | C18: =MIN('Comparación por imagen'!C5:C430) | D18: =MIN('Comparación por imagen'!D5:D430) | E18: =INDEX($B$15:$D$15,MATCH(MAX(B18:D18),B18:D18,0))
A19: Precisión media por imagen | B19: =AVERAGE('Comparación por imagen'!G5:G430) | C19: =AVERAGE('Comparación por imagen'!H5:H430) | D19: =AVERAGE('Comparación por imagen'!I5:I430) | E19: =INDEX($B$15:$D$15,MATCH(MAX(B19:D19),B19:D19,0))
A20: Recall medio por imagen | B20: =AVERAGE('Comparación por imagen'!J5:J430) | C20: =AVERAGE('Comparación por imagen'!K5:K430) | D20: =AVERAGE('Comparación por imagen'!L5:L430) | E20: =INDEX($B$15:$D$15,MATCH(MAX(B20:D20),B20:D20,0))
A21: Imágenes en las que es el mejor (Mean_IoU) | B21: =COUNTIF('Comparación por imagen'!E5:E430,"U-Net") | C21: =COUNTIF('Comparación por imagen'!E5:E430,"DeepLabV3+") | D21: =COUNTIF('Comparación por imagen'!E5:E430,"YOLO11n-seg") | E21: =INDEX($B$15:$D$15,MATCH(MAX(B21:D21),B21:D21,0))
A22: % de imágenes en las que es el mejor | B22: =B21/426 | C22: =C21/426 | D22: =D21/426
B24: Modelo y entrenamiento (detalle en la hoja Parámetros)
A25: Parámetros | B25: 86680082 | C25: 26679898 | D25: 2851654
A26: Épocas ejecutadas | B26: 30 | C26: 40 | D26: 235
A27: Mejor época (val) | B27: 30 | C27: 32 | D27: 185
A28: Tiempo de entrenamiento (h, RTX 4060 Laptop) | B28: 2.25 | C28: 0.775 | D28: 2.612
A29: TTA en test | B29: Sí (4 volteos) | C29: No | D29: No
B31: Comprobación: mIoU recalculado (CPU) frente al reportado en el cuaderno (GPU)
B32: U-Net | C32: DeepLabV3+ | D32: YOLO11n-seg
A33: mIoU reportado por el cuaderno | B33: 0.7315 | C33: 0.70934008 | D33: 0.70484637
A34: mIoU recalculado en este Excel | B34: =B5 | C34: =C5 | D34: =D5
A35: Diferencia | B35: =B34-B33 | C35: =C34-C33 | D35: =D34-D33

Sheet Por clase
A1: Métricas por clase sobre el test completo (426 imágenes)
A2: Calculadas sobre la matriz de confusión acumulada de todo el test, como en los cuadernos. En verde, el mejor modelo de cada métrica y clase.
B3: IoU | E3: Dice | H3: Precisión | K3: Recall | N3: IoU
A4: Clase | B4: U-Net | C4: DeepLabV3+ | D4: YOLO11n-seg | E4: U-Net | F4: DeepLabV3+ | G4: YOLO11n-seg | H4: U-Net | I4: DeepLabV3+ | J4: YOLO11n-seg | K4: U-Net | L4: DeepLabV3+ | M4: YOLO11n-seg | N4: Mejor IoU
A5: Background | B5: 0.52577098 | C5: 0.45021502 | D5: 0.39388268 | E5: 0.68918729 | F5: 0.62089416 | G5: 0.56515901 | H5: 0.89173638 | I5: 0.73451703 | J5: 0.7764281 | K5: 0.5616207 | L5: 0.53771476 | M5: 0.44427112 | N5: =INDEX($B$4:$D$4,MATCH(MAX(B5:D5),B5:D5,0))
A6: Building-flooded | B6: 0.70728789 | C6: 0.71070758 | D6: 0.72673137 | E6: 0.82855141 | F6: 0.83089312 | G6: 0.84174224 | H6: 0.79968471 | I6: 0.78556753 | J6: 0.80238254 | K6: 0.85958019 | L6: 0.88176935 | M6: 0.88516261 | N6: =INDEX($B$4:$D$4,MATCH(MAX(B6:D6),B6:D6,0))
A7: Building-non-flooded | B7: 0.80567284 | C7: 0.79958149 | D7: 0.79420297 | E7: 0.89237964 | F7: 0.88863049 | G7: 0.88529891 | H7: 0.90201487 | I7: 0.90150483 | J7: 0.90531357 | K7: 0.88294809 | L7: 0.87611869 | M7: 0.86615009 | N7: =INDEX($B$4:$D$4,MATCH(MAX(B7:D7),B7:D7,0))
A8: Road-flooded | B8: 0.66623079 | C8: 0.61210413 | D8: 0.63938291 | E8: 0.79968609 | F8: 0.75938535 | G8: 0.78002876 | H8: 0.73402266 | I8: 0.67656589 | J8: 0.75915721 | K8: 0.87825182 | L8: 0.86530917 | M8: 0.80208039 | N8: =INDEX($B$4:$D$4,MATCH(MAX(B8:D8),B8:D8,0))
A9: Road-non-flooded | B9: 0.83260235 | C9: 0.83136577 | D9: 0.80871636 | E9: 0.90865577 | F9: 0.90791887 | G9: 0.89424343 | H9: 0.90578963 | I9: 0.90179331 | J9: 0.90449853 | K9: 0.91154011 | L9: 0.91412822 | M9: 0.88421827 | N9: =INDEX($B$4:$D$4,MATCH(MAX(B9:D9),B9:D9,0))
A10: Water | B10: 0.7718318 | C10: 0.75652223 | D10: 0.76671756 | E10: 0.87122469 | F10: 0.86138646 | G10: 0.86795714 | H10: 0.8988815 | I10: 0.87320105 | J10: 0.88849718 | K10: 0.84521896 | L10: 0.84988731 | M10: 0.84834532 | N10: =INDEX($B$4:$D$4,MATCH(MAX(B10:D10),B10:D10,0))
A11: Tree | B11: 0.81513973 | C11: 0.8309559 | D11: 0.83136881 | E11: 0.89815645 | F11: 0.9076744 | G11: 0.90792068 | H11: 0.92126574 | I11: 0.92220443 | J11: 0.90228378 | K11: 0.87617815 | L11: 0.89359514 | M11: 0.91362846 | N11: =INDEX($B$4:$D$4,MATCH(MAX(B11:D11),B11:D11,0))
A12: Vehicle | B12: 0.62597585 | C12: 0.56954245 | D12: 0.56593094 | E12: 0.76996943 | F12: 0.72574329 | G12: 0.72280447 | H12: 0.73372078 | I12: 0.67553851 | J12: 0.67616788 | K12: 0.80998587 | L12: 0.78400943 | M12: 0.77635087 | N12: =INDEX($B$4:$D$4,MATCH(MAX(B12:D12),B12:D12,0))
A13: Pool | B13: 0.67990977 | C13: 0.64714453 | D13: 0.65123798 | E13: 0.80945987 | F13: 0.78577747 | G13: 0.78878755 | H13: 0.83981058 | I13: 0.80805466 | J13: 0.774741 | K13: 0.78122639 | L13: 0.76469565 | M13: 0.80335286 | N13: =INDEX($B$4:$D$4,MATCH(MAX(B13:D13),B13:D13,0))
A14: Grass | B14: 0.88417267 | C14: 0.88537546 | D14: 0.870963 | E14: 0.93852616 | F14: 0.93920334 | G14: 0.93103178 | H14: 0.92301636 | I14: 0.93392975 | J14: 0.94734639 | K14: 0.9545661 | L14: 0.94453682 | M14: 0.91526957 | N14: =INDEX($B$4:$D$4,MATCH(MAX(B14:D14),B14:D14,0))
A15: Media (macro) | B15: =AVERAGE(B5:B14) | C15: =AVERAGE(C5:C14) | D15: =AVERAGE(D5:D14) | E15: =AVERAGE(E5:E14) | F15: =AVERAGE(F5:F14) | G15: =AVERAGE(G5:G14) | H15: =AVERAGE(H5:H14) | I15: =AVERAGE(I5:I14) | ... M15: =AVERAGE(M5:M14)
A17: La fila «Media (macro)» de IoU es el mIoU de 10 clases de la hoja Resumen.

Sheet Distribución de clases
A1: Representación de cada clase en el dataset frente a la IoU de test
A2: Máscaras 512×512 de data/cache512_full: las 2.247 imágenes de FloodNet-Supervised v1.0 sin máscara de una sola clase (train 1.387 · val 434 · test 426). Generada por la sección 6.5 de floodnet-segmentation.ipynb.
B4: Píxeles | G4: Imágenes en que aparece | J4: Parte de la imagen cuando aparece | L4: IoU test
A5: Clase | B5: Nº train | C5: % train | D5: % val | E5: % test | F5: % global | G5: Nº train | H5: % train | I5: % global | J5: Media | K5: Mediana | L5: U-Net | M5: DeepLabV3+ | N5: YOLO11n-seg
A6: Grass | B6: 201695526 | C6: 0.55472774 | D6: 0.53001502 | E6: 0.53849417 | F6: 0.54687691 | G6: 1305 | H6: 0.9408796 | I6: 0.9341344 | J6: 0.58543707 | K6: 0.58216095 | L6: =INDEX('Por clase'!$B$5:$B$14,MATCH($A6,'Por clase'!$A$5:$A$14,0)) | M6: =INDEX('Por clase'!$C$5:$C$14,MATCH($A6,'Por clase'!$A$5:$A$14,0)) | N6: =INDEX('Por clase'!$D$5:$D$14,MATCH($A6,'Por clase'!$A$5:$A$14,0))
A7: Tree | B7: 65862555 | C7: 0.18114326 | D7: 0.19339817 | E7: 0.18773699 | F7: 0.18476033 | G7: 1155 | H7: 0.83273252 | I7: 0.83711615 | J7: 0.22071051 | K7: 0.19119644 | L7: =INDEX('Por clase'!$B$5:$B$14,MATCH($A7,'Por clase'!$A$5:$A$14,0)) | M7: =INDEX('Por clase'!$C$5:$C$14,MATCH($A7,'Por clase'!$A$5:$A$14,0)) | N7: =INDEX('Por clase'!$D$5:$D$14,MATCH($A7,'Por clase'!$A$5:$A$14,0))
A8: Water | B8: 39812323 | C8: 0.10949673 | D8: 0.11473599 | E8: 0.10796807 | F8: 0.11021886 | G8: 699 | H8: 0.50396539 | I8: 0.48420116 | J8: 0.22763031 | K8: 0.16127968 | L8: =INDEX('Por clase'!$B$5:$B$14,MATCH($A8,'Por clase'!$A$5:$A$14,0)) | M8: =INDEX('Por clase'!$C$5:$C$14,MATCH($A8,'Por clase'!$A$5:$A$14,0)) | N8: =INDEX('Por clase'!$D$5:$D$14,MATCH($A8,'Por clase'!$A$5:$A$14,0))
A9: Road-non-flooded | B9: 21268759 | C9: 0.058495946 | D9: 0.061023624 | E9: 0.06322002 | F9: 0.059879777 | G9: 729 | H9: 0.52559481 | I9: 0.53093013 | J9: 0.11278278 | K9: 0.096839905 | L9: =INDEX('Por clase'!$B$5:$B$14,MATCH($A9,'Por clase'!$A$5:$A$14,0)) | M9: =INDEX('Por clase'!$C$5:$C$14,MATCH($A9,'Por clase'!$A$5:$A$14,0)) | N9: =INDEX('Por clase'!$D$5:$D$14,MATCH($A9,'Por clase'!$A$5:$A$14,0))
A10: Building-non-flooded | B10: 12188603 | C10: 0.033522589 | D10: 0.029870978 | E10: 0.036078887 | F10: 0.033301932 | G10: 547 | H10: 0.39437635 | I10: 0.39474855 | J10: 0.084362391 | K10: 0.057666779 | L10: =INDEX('Por clase'!$B$5:$B$14,MATCH($A10,'Por clase'!$A$5:$A$14,0)) | M10: =INDEX('Por clase'!$C$5:$C$14,MATCH($A10,'Por clase'!$A$5:$A$14,0)) | N10: =INDEX('Por clase'!$D$5:$D$14,MATCH($A10,'Por clase'!$A$5:$A$14,0))
A11: Road-flooded | B11: 9974433 | C11: 0.027432907 | D11: 0.025745717 | E11: 0.023205457 | F11: 0.026305567 | G11: 162 | H11: 0.11679885 | I11: 0.11748999 | J11: 0.22389624 | K11: 0.17288399 | L11: =INDEX('Por clase'!$B$5:$B$14,MATCH($A11,'Por clase'!$A$5:$A$14,0)) | M11: =INDEX('Por clase'!$C$5:$C$14,MATCH($A11,'Por clase'!$A$5:$A$14,0)) | N11: =INDEX('Por clase'!$D$5:$D$14,MATCH($A11,'Por clase'!$A$5:$A$14,0))
A12: Building-flooded | B12: 6139265 | C12: 0.016884958 | D12: 0.018028417 | E12: 0.017232474 | F12: 0.017171698 | G12: 152 | H12: 0.10958904 | I12: 0.11036938 | J12: 0.15558389 | K12: 0.16564941 | L12: =INDEX('Por clase'!$B$5:$B$14,MATCH($A12,'Por clase'!$A$5:$A$14,0)) | M12: =INDEX('Por clase'!$C$5:$C$14,MATCH($A12,'Por clase'!$A$5:$A$14,0)) | N12: =INDEX('Por clase'!$D$5:$D$14,MATCH($A12,'Por clase'!$A$5:$A$14,0))
A13: Background | B13: 5198925 | C13: 0.01429872 | D13: 0.023477625 | E13: 0.022422361 | F13: 0.017611722 | G13: 103 | H13: 0.074260995 | I13: 0.078771696 | J13: 0.22357932 | K13: 0.13486481 | L13: =INDEX('Por clase'!$B$5:$B$14,MATCH($A13,'Por clase'!$A$5:$A$14,0)) | M13: =INDEX('Por clase'!$C$5:$C$14,MATCH($A13,'Por clase'!$A$5:$A$14,0)) | N13: =INDEX('Por clase'!$D$5:$D$14,MATCH($A13,'Por clase'!$A$5:$A$14,0))
A14: Pool | B14: 766260 | C14: 0.0021074621 | D14: 0.0019469898 | E14: 0.0019555338 | F14: 0.002047664 | G14: 335 | H14: 0.24152848 | I14: 0.23809524 | J14: 0.0086001886 | K14: 0.0067481995 | L14: =INDEX('Por clase'!$B$5:$B$14,MATCH($A14,'Por clase'!$A$5:$A$14,0)) | M14: =INDEX('Por clase'!$C$5:$C$14,MATCH($A14,'Por clase'!$A$5:$A$14,0)) | N14: =INDEX('Por clase'!$D$5:$D$14,MATCH($A14,'Por clase'!$A$5:$A$14,0))
A15: Vehicle | B15: 687079 | C15: 0.0018896888 | D15: 0.0017574679 | E15: 0.0016860425 | F15: 0.0018255423 | G15: 505 | H15: 0.36409517 | I15: 0.36582109 | J15: 0.0049902598 | K15: 0.0037021637 | L15: =INDEX('Por clase'!$B$5:$B$14,MATCH($A15,'Por clase'!$A$5:$A$14,0)) | M15: =INDEX('Por clase'!$C$5:$C$14,MATCH($A15,'Por clase'!$A$5:$A$14,0)) | N15: =INDEX('Por clase'!$D$5:$D$14,MATCH($A15,'Por clase'!$A$5:$A$14,0))
A16: Total | B16: =SUM(B6:B15) | C16: =SUM(C6:C15) | D16: =SUM(D6:D15) | E16: =SUM(E6:E15) | F16: =SUM(F6:F15)
A18: % píxeles: parte de todos los píxeles de la partición que son de la clase. Como todas las máscaras miden 512×512, coincide con la media por imagen del % que ocupa la clase.
A19: Imágenes en que aparece: imágenes con al menos un píxel de la clase. Es el recuento que usan el oversampling y los pesos de la pérdida.
A20: Parte de la imagen cuando aparece: % de la imagen que ocupa la clase, solo en las imágenes en que aparece. Separa las clases escasas (salen en pocas fotos) de las pequeñas (salen a menudo y ocupan poco).
A21: IoU test: fórmulas enlazadas a la hoja «Por clase» (426 imágenes de test).
A23: Correlación de Spearman entre la representación en train y la IoU de test
A24: Variable | B24: Clases | C24: n | D24: ρ U-Net | E24: ρ DeepLabV3+ | F24: ρ YOLO11n-seg | G24: p U-Net | H24: p DeepLabV3+ | I24: p YOLO11n-seg
A25: % píxeles train | B25: 10 clases | C25: 10 | D25: 0.85454545 | E25: 0.85454545 | F25: 0.87878788 | G25: 0.0016368033 | H25: 0.0016368033 | I25: 0.00081386211
A26: % píxeles train | B26: sin Background | C26: 9 | D26: 0.86666667 | E26: 0.86666667 | F26: 0.9 | G26: 0.0024953983 | H26: 0.0024953983 | I26: 0.00094306232
A27: % imágenes train | B27: 10 clases | C27: 10 | D27: 0.86666667 | E27: 0.86666667 | F27: 0.87878788 | G27: 0.0011735382 | H27: 0.0011735382 | I27: 0.00081386211
A28: % imágenes train | B28: sin Background | C28: 9 | D28: 0.81666667 | E28: 0.81666667 | F28: 0.83333333 | G28: 0.0072247852 | H28: 0.0072247852 | I28: 0.005265691
A29: % medio cuando aparece | B29: 10 clases | C29: 10 | D29: 0.27272727 | E29: 0.27272727 | F29: 0.2969697 | G29: 0.44583834 | H29: 0.44583834 | I29: 0.40470167
A30: % medio cuando aparece | B30: sin Background | C30: 9 | D30: 0.48333333 | E30: 0.48333333 | F30: 0.51666667 | G30: 0.18746986 | H30: 0.18746986 | I30: 0.15439012
A31: Con 10 clases, |ρ| ≥ 0,65 es significativo al 5 % (0,70 con 9). Correlación no implica causa: las clases con pocos píxeles suelen ser también objetos pequeños o de borde ambiguo.

Sheet Comparación por imagen
A1: Comparación de las tres arquitecturas, imagen a imagen
A2: Cada valor se lee de la hoja del modelo. «Mejor modelo» es el de mayor Mean_IoU en esa imagen.
B3: Mean_IoU | E3: Mean_IoU | G3: Precisión | J3: Recall | M3: Pixel accuracy
A4: Imagen | B4: U-Net | C4: DeepLabV3+ | D4: YOLO11n-seg | E4: Mejor modelo | F4: Diferencia mejor − peor | G4: U-Net | H4: DeepLabV3+ | I4: YOLO11n-seg | J4: U-Net | K4: DeepLabV3+ | L4: YOLO11n-seg | M4: U-Net | N4: DeepLabV3+ | O4: YOLO11n-seg
A5: ='U-Net'!A5 | B5: ='U-Net'!AH5 | C5: ='DeepLabV3+'!AH5 | D5: ='YOLO11n-seg'!AH5 | E5: =INDEX($B$4:$D$4,MATCH(MAX(B5:D5),B5:D5,0)) | F5: =MAX(B5:D5)-MIN(B5:D5) | G5: ='U-Net'!AF5 | H5: ='DeepLabV3+'!AF5 | I5: ='YOLO11n-seg'!AF5 | J5: ='U-Net'!AG5 | K5: ='DeepLabV3+'!AG5 | L5: ='YOLO11n-seg'!AG5 | M5: ='U-Net'!AI5 | N5: ='DeepLabV3+'!AI5 | O5: ='YOLO11n-seg'!AI5
A6: ='U-Net'!A6 | B6: ='U-Net'!AH6 | C6: ='DeepLabV3+'!AH6 | D6: ='YOLO11n-seg'!AH6 | E6: =INDEX($B$4:$D$4,MATCH(MAX(B6:D6),B6:D6,0)) | F6: =MAX(B6:D6)-MIN(B6:D6) | G6: ='U-Net'!AF6 | H6: ='DeepLabV3+'!AF6 | I6: ='YOLO11n-seg'!AF6 | J6: ='U-Net'!AG6 | K6: ='DeepLabV3+'!AG6 | L6: ='YOLO11n-seg'!AG6 | M6: ='U-Net'!AI6 | N6: ='DeepLabV3+'!AI6 | O6: ='YOLO11n-seg'!AI6
A7: ='U-Net'!A7 | B7: ='U-Net'!AH7 | C7: ='DeepLabV3+'!AH7 | D7: ='YOLO11n-seg'!AH7 | E7: =INDEX($B$4:$D$4,MATCH(MAX(B7:D7),B7:D7,0)) | F7: =MAX(B7:D7)-MIN(B7:D7) | G7: ='U-Net'!AF7 | H7: ='DeepLabV3+'!AF7 | I7: ='YOLO11n-seg'!AF7 | J7: ='U-Net'!AG7 | K7: ='DeepLabV3+'!AG7 | L7: ='YOLO11n-seg'!AG7 | M7: ='U-Net'!AI7 | N7: ='DeepLabV3+'!AI7 | O7: ='YOLO11n-seg'!AI7
A8: ='U-Net'!A8 | B8: ='U-Net'!AH8 | C8: ='DeepLabV3+'!AH8 | D8: ='YOLO11n-seg'!AH8 | E8: =INDEX($B$4:$D$4,MATCH(MAX(B8:D8),B8:D8,0)) | F8: =MAX(B8:D8)-MIN(B8:D8) | G8: ='U-Net'!AF8 | H8: ='DeepLabV3+'!AF8 | I8: ='YOLO11n-seg'!AF8 | J8: ='U-Net'!AG8 | K8: ='DeepLabV3+'!AG8 | L8: ='YOLO11n-seg'!AG8 | M8: ='U-Net'!AI8 | N8: ='DeepLabV3+'!AI8 | O8: ='YOLO11n-seg'!AI8
A9: ='U-Net'!A9 | B9: ='U-Net'!AH9 | C9: ='DeepLabV3+'!AH9 | D9: ='YOLO11n-seg'!AH9 | E9: =INDEX($B$4:$D$4,MATCH(MAX(B9:D9),B9:D9,0)) | F9: =MAX(B9:D9)-MIN(B9:D9) | G9: ='U-Net'!AF9 | H9: ='DeepLabV3+'!AF9 | I9: ='YOLO11n-seg'!AF9 | J9: ='U-Net'!AG9 | K9: ='DeepLabV3+'!AG9 | L9: ='YOLO11n-seg'!AG9 | M9: ='U-Net'!AI9 | N9: ='DeepLabV3+'!AI9 | O9: ='YOLO11n-seg'!AI9
A10: ='U-Net'!A10 | B10: ='U-Net'!AH10 | C10: ='DeepLabV3+'!AH10 | D10: ='YOLO11n-seg'!AH10 | E10: =INDEX($B$4:$D$4,MATCH(MAX(B10:D10),B10:D10,0)) | F10: =MAX(B10:D10)-MIN(B10:D10) | G10: ='U-Net'!AF10 | H10: ='DeepLabV3+'!AF10 | I10: ='YOLO11n-seg'!AF10 | J10: ='U-Net'!AG10 | K10: ='DeepLabV3+'!AG10 | L10: ='YOLO11n-seg'!AG10 | M10: ='U-Net'!AI10 | N10: ='DeepLabV3+'!AI10 | O10: ='YOLO11n-seg'!AI10
A11: ='U-Net'!A11 | B11: ='U-Net'!AH11 | C11: ='DeepLabV3+'!AH11 | D11: ='YOLO11n-seg'!AH11 | E11: =INDEX($B$4:$D$4,MATCH(MAX(B11:D11),B11:D11,0)) | F11: =MAX(B11:D11)-MIN(B11:D11) | G11: ='U-Net'!AF11 | H11: ='DeepLabV3+'!AF11 | I11: ='YOLO11n-seg'!AF11 | J11: ='U-Net'!AG11 | K11: ='DeepLabV3+'!AG11 | L11: ='YOLO11n-seg'!AG11 | M11: ='U-Net'!AI11 | N11: ='DeepLabV3+'!AI11 | O11: ='YOLO11n-seg'!AI11
A12: ='U-Net'!A12 | B12: ='U-Net'!AH12 | C12: ='DeepLabV3+'!AH12 | D12: ='YOLO11n-seg'!AH12 | E12: =INDEX($B$4:$D$4,MATCH(MAX(B12:D12),B12:D12,0)) | F12: =MAX(B12:D12)-MIN(B12:D12) | G12: ='U-Net'!AF12 | H12: ='DeepLabV3+'!AF12 | I12: ='YOLO11n-seg'!AF12 | J12: ='U-Net'!AG12 | K12: ='DeepLabV3+'!AG12 | L12: ='YOLO11n-seg'!AG12 | M12: ='U-Net'!AI12 | N12: ='DeepLabV3+'!AI12 | O12: ='YOLO11n-seg'!AI12
A13: ='U-Net'!A13 | B13: ='U-Net'!AH13 | C13: ='DeepLabV3+'!AH13 | D13: ='YOLO11n-seg'!AH13 | E13: =INDEX($B$4:$D$4,MATCH(MAX(B13:D13),B13:D13,0)) | F13: =MAX(B13:D13)-MIN(B13:D13) | G13: ='U-Net'!AF13 | H13: ='DeepLabV3+'!AF13 | I13: ='YOLO11n-seg'!AF13 | J13: ='U-Net'!AG13 | K13: ='DeepLabV3+'!AG13 | L13: ='YOLO11n-seg'!AG13 | M13: ='U-Net'!AI13 | N13: ='DeepLabV3+'!AI13 | O13: ='YOLO11n-seg'!AI13
A14: ='U-Net'!A14 | B14: ='U-Net'!AH14 | C14: ='DeepLabV3+'!AH14 | D14: ='YOLO11n-seg'!AH14 | E14: =INDEX($B$4:$D$4,MATCH(MAX(B14:D14),B14:D14,0)) | F14: =MAX(B14:D14)-MIN(B14:D14) | G14: ='U-Net'!AF14 | H14: ='DeepLabV3+'!AF14 | I14: ='YOLO11n-seg'!AF14 | J14: ='U-Net'!AG14 | K14: ='DeepLabV3+'!AG14 | L14: ='YOLO11n-seg'!AG14 | M14: ='U-Net'!AI14 | N14: ='DeepLabV3+'!AI14 | O14: ='YOLO11n-seg'!AI14
A15: ='U-Net'!A15 | B15: ='U-Net'!AH15 | C15: ='DeepLabV3+'!AH15 | D15: ='YOLO11n-seg'!AH15 | E15: =INDEX($B$4:$D$4,MATCH(MAX(B15:D15),B15:D15,0)) | F15: =MAX(B15:D15)-MIN(B15:D15) | G15: ='U-Net'!AF15 | H15: ='DeepLabV3+'!AF15 | I15: ='YOLO11n-seg'!AF15 | J15: ='U-Net'!AG15 | K15: ='DeepLabV3+'!AG15 | L15: ='YOLO11n-seg'!AG15 | M15: ='U-Net'!AI15 | N15: ='DeepLabV3+'!AI15 | O15: ='YOLO11n-seg'!AI15
A16: ='U-Net'!A16 | B16: ='U-Net'!AH16 | C16: ='DeepLabV3+'!AH16 | D16: ='YOLO11n-seg'!AH16 | E16: =INDEX($B$4:$D$4,MATCH(MAX(B16:D16),B16:D16,0)) | F16: =MAX(B16:D16)-MIN(B16:D16) | G16: ='U-Net'!AF16 | H16: ='DeepLabV3+'!AF16 | I16: ='YOLO11n-seg'!AF16 | J16: ='U-Net'!AG16 | K16: ='DeepLabV3+'!AG16 | L16: ='YOLO11n-seg'!AG16 | M16: ='U-Net'!AI16 | N16: ='DeepLabV3+'!AI16 | O16: ='YOLO11n-seg'!AI16
... A430: ='U-Net'!A430 | B430: ='U-Net'!AH430 | C430: ='DeepLabV3+'!AH430 | D430: ='YOLO11n-seg'!AH430 | E430: =INDEX($B$4:$D$4,MATCH(MAX(B430:D430),B430:D430,0)) | F430: =MAX(B430:D430)-MIN(B430:D430) | G430: ='U-Net'!AF430 | H430: ='DeepLabV3+'!AF430 | I430: ='YOLO11n-seg'!AF430 | J430: ='U-Net'!AG430 | K430: ='DeepLabV3+'!AG430 | L430: ='YOLO11n-seg'!AG430 | M430: ='U-Net'!AI430 | N430: ='DeepLabV3+'!AI430 | O430: ='YOLO11n-seg'!AI430

Sheet U-Net
A1: U-Net — métricas por imagen de test (426 imágenes)
A2: Celdas vacías: la clase no aparece ni en la referencia ni en la predicción (IoU), no se predice (precisión) o no está en la referencia (recall). Ver la hoja Léeme.
B3: IoU por clase | L3: Precisión por clase | V3: Recall por clase | AF3: Resumen de la imagen
A4: Imagen | B4: IoU Background | C4: IoU Building-flooded | D4: IoU Building-non-flooded | E4: IoU Road-flooded | F4: IoU Road-non-flooded | G4: IoU Water | H4: IoU Tree | I4: IoU Vehicle | J4: IoU Pool | K4: IoU Grass | L4: Precisión Background | M4: Precisión Building-flooded | N4: Precisión Building-non-flooded | O4: Precisión Road-flooded | P4: Precisión Road-non-flooded | Q4: Precisión Water | R4: Precisión Tree | S4: Precisión Vehicle | T4: Precisión Pool | U4: Precisión Grass | V4: Recall Background | W4: Recall Building-flooded | X4: Recall Building-non-flooded | Y4: Recall Road-flooded | Z4: Recall Road-non-flooded | AA4: Recall Water | AB4: Recall Tree | AC4: Recall Vehicle | AD4: Recall Pool | AE4: Recall Grass | AF4: Precisión | AG4: Recall | AH4: Mean_IoU | AI4: Pixel accuracy | AJ4: % píxeles sin predicción
A5: 6336.jpg | F5: 0.94104846 | G5: 0.86995465 | I5: 0.78801843 | K5: 0.96660893 | P5: 0.97642983 | Q5: 0.89050078 | S5: 0.82211538 | U5: 0.98481871 | Z5: 0.96292229 | AA5: 0.97416365 | AC5: 0.95 | AE5: 0.98122982 | AF5: =IFERROR(AVERAGE(L5:U5),"") | AG5: =IFERROR(AVERAGE(V5:AE5),"") | AH5: =IFERROR(AVERAGE(B5:K5),"") | AI5: 0.97616196 | AJ5: 0
A6: 6342.jpg | F6: 0.94422169 | G6: 0.91487492 | K6: 0.97477763 | P6: 0.97345481 | Q6: 0.99385839 | U6: 0.98045676 | Z6: 0.96917607 | AA6: 0.92007659 | AE6: 0.99409289 | AF6: =IFERROR(AVERAGE(L6:U6),"") | AG6: =IFERROR(AVERAGE(V6:AE6),"") | AH6: =IFERROR(AVERAGE(B6:K6),"") | AI6: 0.98111343 | AJ6: 0
A7: 6353.jpg | F7: 0.91023985 | G7: 0.92244134 | H7: 0.7587769 | K7: 0.97272247 | P7: 0.94665643 | Q7: 0.97712742 | R7: 0.8375 | U7: 0.98480698 | Z7: 0.95945158 | AA7: 0.94279871 | AB7: 0.88977424 | AE7: 0.98754211 | AF7: =IFERROR(AVERAGE(L7:U7),"") | AG7: =IFERROR(AVERAGE(V7:AE7),"") | AH7: =IFERROR(AVERAGE(B7:K7),"") | AI7: 0.97850037 | AJ7: 0
A8: 6362.jpg | F8: 0.94497532 | G8: 0.97280749 | H8: 0.66501487 | I8: 0.68164794 | K8: 0.98646158 | P8: 0.97394339 | Q8: 0.99532004 | R8: 0.70706006 | S8: 0.69201521 | U8: 0.99286781 | Z8: 0.96948547 | AA8: 0.97727766 | AB8: 0.91792066 | AC8: 0.97849462 | AE8: 0.9935017 | AF8: =IFERROR(AVERAGE(L8:U8),"") | AG8: =IFERROR(AVERAGE(V8:AE8),"") | AH8: =IFERROR(AVERAGE(B8:K8),"") | AI8: 0.98853683 | AJ8: 0
A9: 6371.jpg | F9: 0.95111596 | G9: 0.95878008 | H9: 0 | K9: 0.98612536 | P9: 0.98700318 | Q9: 0.98906231 | R9: 0 | U9: 0.99042476 | Z9: 0.96317907 | AA9: 0.96905479 | AE9: 0.99561725 | AF9: =IFERROR(AVERAGE(L9:U9),"") | AG9: =IFERROR(AVERAGE(V9:AE9),"") | AH9: =IFERROR(AVERAGE(B9:K9),"") | AI9: 0.98906326 | AJ9: 0
A10: 6377.jpg | F10: 0.95696836 | G10: 0.95777194 | I10: 0.77819549 | K10: 0.98623685 | P10: 0.978351 | Q10: 0.99229689 | S10: 0.81818182 | U10: 0.99141408 | Z10: 0.97767137 | AA10: 0.96494641 | AC10: 0.94090909 | AE10: 0.99473295 | AF10: =IFERROR(AVERAGE(L10:U10),"") | AG10: =IFERROR(AVERAGE(V10:AE10),"") | AH10: =IFERROR(AVERAGE(B10:K10),"") | AI10: 0.98931885 | AJ10: 0
A11: 6383.jpg | F11: 0.9452325 | G11: 0.95926267 | I11: 0.69387755 | K11: 0.98787086 | P11: 0.96548857 | Q11: 0.98611966 | S11: 0.79439252 | U11: 0.99419248 | Z11: 0.97828623 | AA11: 0.97239221 | AC11: 0.84577114 | AE11: 0.99360454 | AF11: =IFERROR(AVERAGE(L11:U11),"") | AG11: =IFERROR(AVERAGE(V11:AE11),"") | AH11: =IFERROR(AVERAGE(B11:K11),"") | AI11: 0.9899559 | AJ11: 0
A12: 6389.jpg | F12: 0.94762886 | G12: 0.96314853 | H12: 0 | I12: 0 | K12: 0.98589024 | P12: 0.99475594 | Q12: 0.99627046 | R12: 0 | S12: 0 | U12: 0.98750871 | Z12: 0.95238662 | AA12: 0.96663377 | AE12: 0.99834037 | AF12: =IFERROR(AVERAGE(L12:U12),"") | AG12: =IFERROR(AVERAGE(V12:AE12),"") | AH12: =IFERROR(AVERAGE(B12:K12),"") | AI12: 0.98839951 | AJ12: 0
A13: 6391.jpg | F13: 0.95692315 | G13: 0.94107326 | K13: 0.98432227 | P13: 0.97889321 | Q13: 0.99438636 | U13: 0.98942698 | Z13: 0.97708338 | AA13: 0.94609957 | AE13: 0.9947859 | AF13: =IFERROR(AVERAGE(L13:U13),"") | AG13: =IFERROR(AVERAGE(V13:AE13),"") | AH13: =IFERROR(AVERAGE(B13:K13),"") | AI13: 0.98803711 | AJ13: 0
A14: 6394.jpg | F14: 0.79427955 | G14: 0.95766807 | K14: 0.93527101 | P14: 0.98283176 | Q14: 0.98722252 | U14: 0.9397928 | Z14: 0.8054549 | AA14: 0.9696873 | AE14: 0.99488187 | AF14: =IFERROR(AVERAGE(L14:U14),"") | AG14: =IFERROR(AVERAGE(V14:AE14),"") | AH14: =IFERROR(AVERAGE(B14:K14),"") | AI14: 0.94970703 | AJ14: 0
A15: 6405.jpg | F15: 0.92651837 | G15: 0.91698179 | K15: 0.98635835 | P15: 0.93257862 | Q15: 0.9717194 | U15: 0.99376484 | Z15: 0.99303509 | AA15: 0.94212477 | AE15: 0.99250063 | AF15: =IFERROR(AVERAGE(L15:U15),"") | AG15: =IFERROR(AVERAGE(V15:AE15),"") | AH15: =IFERROR(AVERAGE(B15:K15),"") | AI15: 0.98822784 | AJ15: 0
A16: 6412.jpg | C16: 0 | D16: 0 | F16: 0.95330003 | G16: 0 | H16: 0.77769057 | I16: 0.75471698 | J16: 0.89767157 | K16: 0.92343963 | N16: 0 | P16: 0.96240544 | Q16: 0 | R16: 0.88617131 | S16: 0.91872792 | T16: 0.94091201 | U16: 0.96108092 | W16: 0 | Z16: 0.99017296 | AB16: 0.8639992 | AC16: 0.80870918 | AD16: 0.9512987 | AE16: 0.95931294 | AF16: =IFERROR(AVERAGE(L16:U16),"") | AG16: =IFERROR(AVERAGE(V16:AE16),"") | AH16: =IFERROR(AVERAGE(B16:K16),"") | AI16: 0.70920944 | AJ16: 0
A17: 6417.jpg | D17: 0.87518587 | F17: 0.90609314 | G17: 0.87295476 | H17: 0.92035862 | I17: 0.85926141 | J17: 0.91383812 | K17: 0.90844428 | N17: 0.89353829 | P17: 0.92732863 | Q17: 0.88834476 | R17: 0.96156694 | S17: 0.93779752 | T17: 0.92592593 | U17: 0.96443769 | X17: 0.97706993 | Z17: 0.97535003 | AA17: 0.98054054 | AB17: 0.95550793 | AC17: 0.91119334 | AD17: 0.98591549 | AE17: 0.9399297 | AF17: =IFERROR(AVERAGE(L17:U17),"") | AG17: =IFERROR(AVERAGE(V17:AE17),"") | AH17: =IFERROR(AVERAGE(B17:K17),"") | AI17: 0.95208359 | AJ17: 0
A18: 6419.jpg | D18: 0.90554851 | F18: 0.91325843 | G18: 0.87154742 | H18: 0.89933768 | I18: 0.85531026 | K18: 0.93803848 | N18: 0.93141398 | P18: 0.94606968 | Q18: 0.97760358 | R18: 0.95497448 | S18: 0.92245817 | U18: 0.97151184 | X18: 0.97024583 | Z18: 0.96341367 | AA18: 0.8893039 | AB18: 0.93916027 | AC18: 0.92156863 | AE18: 0.96457053 | AF18: =IFERROR(AVERAGE(L18:U18),"") | AG18: =IFERROR(AVERAGE(V18:AE18),"") | AH18: =IFERROR(AVERAGE(B18:K18),"") | AI18: 0.95841217 | AJ18: 0
A19: 6420.jpg | B19: 0 | D19: 0.86467102 | F19: 0.93374595 | G19: 0.87414002 | H19: 0.89733559 | I19: 0.89196676 | K19: 0.9456999 | L19: 0 | N19: 0.9094013 | P19: 0.95399323 | Q19: 0.88962109 | R19: 0.96955568 | S19: 0.93333333 | U19: 0.96725421 | X19: 0.94617704 | Z19: 0.97777551 | AA19: 0.98048116 | AB19: 0.92335251 | AC19: 0.95266272 | AE19: 0.97697894 | AF19: =IFERROR(AVERAGE(L19:U19),"") | AG19: =IFERROR(AVERAGE(V19:AE19),"") | AH19: =IFERROR(AVERAGE(B19:K19),"") | AI19: 0.95940018 | AJ19: 0
A20: 6445.jpg | D20: 0.88909878 | F20: 0.36477695 | G20: 0.99243283 | H20: 0.66049859 | I20: 0.724 | J20: 0.94595843 | K20: 0.92401313 | N20: 0.91289629 | P20: 0.65717874 | Q20: 0.99249531 | R20: 0.7613123 | S20: 0.74731627 | T20: 0.98131289 | U20: 0.97076936 | X20: 0.97151542 | Z20: 0.45050215 | AA20: 0.99993657 | AB20: 0.83299571 | AC20: 0.95868644 | AD20: 0.96331138 | AE20: 0.9504575 | AF20: =IFERROR(AVERAGE(L20:U20),"") | AG20: =IFERROR(AVERAGE(V20:AE20),"") | AH20: =IFERROR(AVERAGE(B20:K20),"") | AI20: 0.95546341 | AJ20: 0
A21: 6449.jpg | D21: 0.86825661 | G21: 0.98939529 | H21: 0.8864237 | J21: 0.68482785 | K21: 0.96064616 | N21: 0.98674399 | Q21: 0.99996568 | R21: 0.9388582 | T21: 0.93977155 | U21: 0.9709321 | X21: 0.87850369 | AA21: 0.98942889 | AB21: 0.94072926 | AD21: 0.71626435 | AE21: 0.98909242 | AF21: =IFERROR(AVERAGE(L21:U21),"") | AG21: =IFERROR(AVERAGE(V21:AE21),"") | AH21: =IFERROR(AVERAGE(B21:K21),"") | AI21: 0.97757339 | AJ21: 0
A22: 6452.jpg | D22: 0.84340106 | G22: 0.99078458 | H22: 0.85338781 | I22: 0 | J22: 0.87478185 | K22: 0.94908823 | N22: 0.98039138 | Q22: 0.99997857 | R22: 0.90301794 | T22: 0.90560072 | U22: 0.95870015 | X22: 0.85787225 | AA22: 0.99080562 | AB22: 0.93949423 | AC22: 0 | AD22: 0.96255401 | AE22: 0.98954662 | AF22: =IFERROR(AVERAGE(L22:U22),"") | AG22: =IFERROR(AVERAGE(V22:AE22),"") | AH22: =IFERROR(AVERAGE(B22:K22),"") | AI22: 0.97242737 | AJ22: 0
A23: 6467.jpg | D23: 0.89095893 | F23: 0.83011856 | G23: 0.92457588 | H23: 0.84928484 | I23: 0.83523874 | J23: 0.67829852 | K23: 0.86677316 | N23: 0.95412707 | P23: 0.85555353 | Q23: 0.98534083 | R23: 0.93034291 | S23: 0.9059081 | T23: 0.80441021 | U23: 0.92347095 | X23: 0.93083196 | Z23: 0.96542498 | AA23: 0.93747094 | AB23: 0.90695645 | AC23: 0.91458027 | AD23: 0.81226171 | AE23: 0.93385217 | AF23: =IFERROR(AVERAGE(L23:U23),"") | AG23: =IFERROR(AVERAGE(V23:AE23),"") | AH23: =IFERROR(AVERAGE(B23:K23),"") | AI23: 0.92723083 | AJ23: 0
A24: 6468.jpg | D24: 0.87772995 | F24: 0.7215157 | G24: 0.97341731 | H24: 0.78664956 | I24: 0.82970489 | J24: 0.75911296 | K24: 0.89846058 | N24: 0.92458708 | P24: 0.76310733 | Q24: 0.98811382 | R24: 0.86045072 | S24: 0.86747597 | T24: 0.83275049 | U24: 0.96106667 | X24: 0.94541308 | Z24: 0.92976589 | AA24: 0.98495048 | AB24: 0.90168685 | AC24: 0.9501385 | AD24: 0.89566639 | AE24: 0.93239715 | AF24: =IFERROR(AVERAGE(L24:U24),"") | AG24: =IFERROR(AVERAGE(V24:AE24),"") | AH24: =IFERROR(AVERAGE(B24:K24),"") | AI24: 0.93822861 | AJ24: 0
A25: 6476.jpg | D25: 0.75736439 | F25: 0 | G25: 0.9395313 | H25: 0.91768519 | I25: 0 | J25: 0.4272541 | K25: 0.89858289 | N25: 0.80611118 | P25: 0 | Q25: 0.97491874 | R25: 0.93673797 | S25: 0 | T25: 0.52321205 | U25: 0.96530944 | X25: 0.92605907 | AA25: 0.96280308 | AB25: 0.97831666 | AD25: 0.69966443 | AE25: 0.92856878 | AF25: =IFERROR(AVERAGE(L25:U25),"") | AG25: =IFERROR(AVERAGE(V25:AE25),"") | AH25: =IFERROR(AVERAGE(B25:K25),"") | AI25: 0.94441986 | AJ25: 0
A26: 6488.jpg | D26: 0.66313214 | G26: 0.99065786 | H26: 0.90018149 | K26: 0.97176496 | N26: 0.75674837 | Q26: 0.99724468 | R26: 0.93692698 | U26: 0.98721512 | X26: 0.84277816 | AA26: 0.99337685 | AB26: 0.95825087 | AE26: 0.9841503 | AF26: =IFERROR(AVERAGE(L26:U26),"") | AG26: =IFERROR(AVERAGE(V26:AE26),"") | AH26: =IFERROR(AVERAGE(B26:K26),"") | AI26: 0.98381424 | AJ26: 0
A27: 6514.jpg | B27: 0 | D27: 0.77878519 | G27: 0 | H27: 0.9737962 | K27: 0.91358363 | L27: 0 | N27: 0.83274576 | Q27: 0 | R27: 0.98539936 | U27: 0.97818858 | X27: 0.92318677 | AB27: 0.98805252 | AE27: 0.93258113 | AF27: =IFERROR(AVERAGE(L27:U27),"") | AG27: =IFERROR(AVERAGE(V27:AE27),"") | AH27: =IFERROR(AVERAGE(B27:K27),"") | AI27: 0.96660614 | AJ27: 0
A28: 6517.jpg | B28: 0 | D28: 0.82968768 | G28: 0.5730897 | H28: 0.97481327 | K28: 0.90739061 | L28: 0 | N28: 0.93612248 | Q28: 0.66073871 | R28: 0.98466029 | U28: 0.95288796 | X28: 0.87947923 | AA28: 0.81203766 | AB28: 0.98984536 | AE28: 0.95001055 | AF28: =IFERROR(AVERAGE(L28:U28),"") | AG28: =IFERROR(AVERAGE(V28:AE28),"") | AH28: =IFERROR(AVERAGE(B28:K28),"") | AI28: 0.96611786 | AJ28: 0
A29: 6536.jpg | D29: 0 | F29: 0.87337794 | G29: 0.3129853 | H29: 0.88184999 | I29: 0.84556407 | K29: 0.81411669 | N29: 0 | P29: 0.91967944 | Q29: 0.6217501 | R29: 0.91916912 | S29: 0.88735632 | U29: 0.89910669 | Z29: 0.94549747 | AA29: 0.38659669 | AB29: 0.95598581 | AC29: 0.94723926 | AE29: 0.89596897 | AF29: =IFERROR(AVERAGE(L29:U29),"") | AG29: =IFERROR(AVERAGE(V29:AE29),"") | AH29: =IFERROR(AVERAGE(B29:K29),"") | AI29: 0.89821243 | AJ29: 0
A30: 6545.jpg | D30: 0.94247502 | G30: 0.73318236 | H30: 0.96613521 | K30: 0.93949745 | N30: 0.94935887 | Q30: 0.84133293 | R30: 0.99238256 | U30: 0.94762244 | X30: 0.99236512 | AA30: 0.85082702 | AB30: 0.97335357 | AE30: 0.9909563 | AF30: =IFERROR(AVERAGE(L30:U30),"") | AG30: =IFERROR(AVERAGE(V30:AE30),"") | AH30: =IFERROR(AVERAGE(B30:K30),"") | AI30: 0.97536087 | AJ30: 0
A31: 6550.jpg | F31: 0.75548546 | G31: 0.78860165 | H31: 0.81561273 | K31: 0.82666879 | P31: 0.95295494 | Q31: 0.92066033 | R31: 0.84175715 | U31: 0.92738476 | Z31: 0.78475401 | AA31: 0.84610212 | AB31: 0.96331597 | AE31: 0.88388162 | AF31: =IFERROR(AVERAGE(L31:U31),"") | AG31: =IFERROR(AVERAGE(V31:AE31),"") | AH31: =IFERROR(AVERAGE(B31:K31),"") | AI31: 0.89762497 | AJ31: 0
A32: 6553.jpg | D32: 0.74459893 | G32: 0.82788337 | H32: 0.90532609 | J32: 0.65250111 | K32: 0.86612 | N32: 0.79005901 | Q32: 0.94896279 | R32: 0.95592832 | T32: 0.65686275 | U32: 0.92009735 | X32: 0.92826667 | AA32: 0.8664629 | AB32: 0.94475914 | AD32: 0.98992612 | AE32: 0.93656381 | AF32: =IFERROR(AVERAGE(L32:U32),"") | AG32: =IFERROR(AVERAGE(V32:AE32),"") | AH32: =IFERROR(AVERAGE(B32:K32),"") | AI32: 0.93555069 | AJ32: 0
A33: 6557.jpg | D33: 0.90869221 | F33: 0 | G33: 0.87087807 | H33: 0.92602274 | I33: 0.81135225 | J33: 0.85814455 | K33: 0.89642531 | N33: 0.95025161 | P33: 0 | Q33: 0.93486314 | R33: 0.96607402 | S33: 0.98780488 | T33: 0.96191052 | U33: 0.94790057 | X33: 0.95408033 | AA33: 0.92713542 | AB33: 0.95714872 | AC33: 0.81956155 | AD33: 0.88833054 | AE33: 0.94288126 | AF33: =IFERROR(AVERAGE(L33:U33),"") | AG33: =IFERROR(AVERAGE(V33:AE33),"") | AH33: =IFERROR(AVERAGE(B33:K33),"") | AI33: 0.94893646 | AJ33: 0
A34: 6558.jpg | D34: 0.92141966 | F34: 0 | G34: 0.83498639 | H34: 0.91233061 | I34: 0.84668508 | J34: 0.70889018 | K34: 0.84898115 | N34: 0.9579723 | P34: 0 | Q34: 0.90351431 | R34: 0.94360594 | S34: 0.92458522 | T34: 0.77264091 | U34: 0.95824262 | X34: 0.96023634 | AA34: 0.91672894 | AB34: 0.9649441 | AC34: 0.90949555 | AD34: 0.89574156 | AE34: 0.88159678 | AF34: =IFERROR(AVERAGE(L34:U34),"") | AG34: =IFERROR(AVERAGE(V34:AE34),"") | AH34: =IFERROR(AVERAGE(B34:K34),"") | AI34: 0.9255867 | AJ34: 0
A35: 6561.jpg | D35: 0.8554269 | F35: 0.87394229 | G35: 0.64626297 | H35: 0.89257012 | I35: 0.75043178 | J35: 0.68268268 | K35: 0.78031338 | N35: 0.95160708 | P35: 0.9178651 | Q35: 0.74129878 | R35: 0.96088759 | S35: 0.91570074 | T35: 0.9179004 | U35: 0.85454254 | X35: 0.89433194 | Z35: 0.94808693 | AA35: 0.83446404 | AB35: 0.9262212 | AC35: 0.80612245 | AD35: 0.72707889 | AE35: 0.89983113 | AF35: =IFERROR(AVERAGE(L35:U35),"") | AG35: =IFERROR(AVERAGE(V35:AE35),"") | AH35: =IFERROR(AVERAGE(B35:K35),"") | AI35: 0.91791153 | AJ35: 0
A36: 6562.jpg | D36: 0.91488958 | F36: 0.89495409 | G36: 0.60120846 | H36: 0.93047848 | I36: 0.5819209 | J36: 0.85221239 | K36: 0.83820674 | N36: 0.98299389 | P36: 0.92138242 | Q36: 0.64204449 | R36: 0.947239 | S36: 0.7559633 | T36: 0.93586006 | U36: 0.95611639 | X36: 0.92960324 | Z36: 0.96894523 | AA36: 0.90432911 | AB36: 0.98133877 | AC36: 0.71652174 | AD36: 0.90507519 | AE36: 0.87174434 | AF36: =IFERROR(AVERAGE(L36:U36),"") | AG36: =IFERROR(AVERAGE(V36:AE36),"") | AH36: =IFERROR(AVERAGE(B36:K36),"") | AI36: 0.94155884 | AJ36: 0
A37: 6567.jpg | D37: 0.80182565 | F37: 0.92045772 | H37: 0.96423806 | K37: 0.90095042 | N37: 0.8151615 | P37: 0.98154762 | R37: 0.98498531 | U37: 0.96459751 | X37: 0.98000483 | Z37: 0.93666572 | AB37: 0.97862226 | AE37: 0.93176051 | AF37: =IFERROR(AVERAGE(L37:U37),"") | AG37: =IFERROR(AVERAGE(V37:AE37),"") | AH37: =IFERROR(AVERAGE(B37:K37),"") | AI37: 0.96203613 | AJ37: 0
A38: 6568.jpg | D38: 0.78569342 | F38: 0.92772163 | H38: 0.93248123 | I38: 0.8429003 | J38: 0.81909548 | K38: 0.88339948 | N38: 0.80845388 | P38: 0.96474657 | R38: 0.97020089 | S38: 0.8913738 | T38: 1 | U38: 0.95105501 | X38: 0.96540739 | Z38: 0.96027542 | AB38: 0.95997548 | AC38: 0.93939394 | AD38: 0.81909548 | AE38: 0.92547449 | AF38: =IFERROR(AVERAGE(L38:U38),"") | AG38: =IFERROR(AVERAGE(V38:AE38),"") | AH38: =IFERROR(AVERAGE(B38:K38),"") | AI38: 0.94609833 | AJ38: 0
A39: 6583.jpg | B39: 0 | G39: 0.70644612 | H39: 0.93019587 | K39: 0.95905225 | L39: 0 | Q39: 0.99577509 | R39: 0.98556351 | U39: 0.96628223 | AA39: 0.70856994 | AB39: 0.94304531 | AE39: 0.99225866 | AF39: =IFERROR(AVERAGE(L39:U39),"") | AG39: =IFERROR(AVERAGE(V39:AE39),"") | AH39: =IFERROR(AVERAGE(B39:K39),"") | AI39: 0.9481926 | AJ39: 0
A40: 6590.jpg | G40: 0.84787358 | K40: 0.97382524 | Q40: 0.92487183 | U40: 0.98550378 | AA40: 0.91058907 | AE40: 0.98797745 | AF40: =IFERROR(AVERAGE(L40:U40),"") | AG40: =IFERROR(AVERAGE(V40:AE40),"") | AH40: =IFERROR(AVERAGE(B40:K40),"") | AI40: 0.97715759 | AJ40: 0
A41: 6593.jpg | E41: 0 | G41: 0.8414594 | H41: 0.57398516 | K41: 0.98148462 | O41: 0 | Q41: 0.94473418 | R41: 0.80773956 | U41: 0.99323372 | AA41: 0.88502415 | AB41: 0.66481294 | AE41: 0.98809124 | AF41: =IFERROR(AVERAGE(L41:U41),"") | AG41: =IFERROR(AVERAGE(V41:AE41),"") | AH41: =IFERROR(AVERAGE(B41:K41),"") | AI41: 0.96408463 | AJ41: 0
A42: 6594.jpg | F42: 0.30283568 | H42: 0 | K42: 0.96852241 | P42: 0.93350766 | U42: 0.96918683 | Z42: 0.30951201 | AB42: 0 | AE42: 0.99929267 | AF42: =IFERROR(AVERAGE(L42:U42),"") | AG42: =IFERROR(AVERAGE(V42:AE42),"") | AH42: =IFERROR(AVERAGE(B42:K42),"") | AI42: 0.96882248 | AJ42: 0
A43: 6602.jpg | E43: 0.96813047 | H43: 0.17139082 | K43: 0.94264623 | O43: 0.96870861 | R43: 0.27108663 | U43: 0.98108364 | Y43: 0.99938393 | AB43: 0.31788817 | AE43: 0.96009621 | AF43: =IFERROR(AVERAGE(L43:U43),"") | AG43: =IFERROR(AVERAGE(V43:AE43),"") | AH43: =IFERROR(AVERAGE(B43:K43),"") | AI43: 0.96247864 | AJ43: 0
A44: 6619.jpg | B44: 0 | F44: 0.76120031 | G44: 0.80881572 | H44: 0.85835173 | K44: 0.96425065 | L44: 0 | P44: 0.76386458 | Q44: 0.90403641 | R44: 0.95341234 | U44: 0.98809853 | Z44: 0.99543882 | AA44: 0.88477924 | AB44: 0.89592934 | AE44: 0.97558127 | AF44: =IFERROR(AVERAGE(L44:U44),"") | AG44: =IFERROR(AVERAGE(V44:AE44),"") | AH44: =IFERROR(AVERAGE(B44:K44),"") | AI44: 0.96821976 | AJ44: 0
A45: 6624.jpg | B45: 0.85460335 | F45: 0.93563342 | H45: 0.91768755 | K45: 0.92746165 | L45: 0.97912569 | P45: 0.9527897 | R45: 0.94760376 | U45: 0.95721257 | V45: 0.87046281 | Z45: 0.98111827 | AB45: 0.96674205 | AE45: 0.96757495 | AF45: =IFERROR(AVERAGE(L45:U45),"") | AG45: =IFERROR(AVERAGE(V45:AE45),"") | AH45: =IFERROR(AVERAGE(B45:K45),"") | AI45: 0.95774841 | AJ45: 0
A46: 6632.jpg | B46: 0.78674623 | F46: 0.86238628 | H46: 0.88198796 | K46: 0.95010398 | L46: 0.98746452 | P46: 0.90530762 | R46: 0.90742211 | U46: 0.97480445 | V46: 0.79468308 | Z46: 0.94788862 | AB46: 0.96919946 | AE46: 0.97402318 | AF46: =IFERROR(AVERAGE(L46:U46),"") | AG46: =IFERROR(AVERAGE(V46:AE46),"") | AH46: =IFERROR(AVERAGE(B46:K46),"") | AI46: 0.9601059 | AJ46: 0
A47: 6638.jpg | D47: 0.78676654 | F47: 0.43389831 | H47: 0.783377 | K47: 0.96425866 | N47: 0.87236988 | P47: 0.46230248 | R47: 0.83812994 | U47: 0.99131284 | X47: 0.88910835 | Z47: 0.87596236 | AB47: 0.92302679 | AE47: 0.97247615 | AF47: =IFERROR(AVERAGE(L47:U47),"") | AG47: =IFERROR(AVERAGE(V47:AE47),"") | AH47: =IFERROR(AVERAGE(B47:K47),"") | AI47: 0.96316528 | AJ47: 0
A48: 6659.jpg | B48: 0 | D48: 0.90527073 | F48: 0.74507143 | H48: 0.83721553 | I48: 0.27637795 | K48: 0.92039484 | L48: 0 | N48: 0.97599567 | P48: 0.8361523 | R48: 0.93402432 | S48: 0.29720576 | U48: 0.94979796 | X48: 0.92588545 | Z48: 0.87244898 | AB48: 0.88983835 | AC48: 0.79772727 | AE48: 0.96745975 | AF48: =IFERROR(AVERAGE(L48:U48),"") | AG48: =IFERROR(AVERAGE(V48:AE48),"") | AH48: =IFERROR(AVERAGE(B48:K48),"") | AI48: 0.94325638 | AJ48: 0
A49: 6663.jpg | D49: 0.89658065 | F49: 0.76438167 | H49: 0.8244646 | K49: 0.90829649 | N49: 0.96406521 | P49: 0.78911807 | R49: 0.90560248 | U49: 0.9508448 | X49: 0.92757976 | Z49: 0.96060606 | AB49: 0.90198076 | AE49: 0.95304741 | AF49: =IFERROR(AVERAGE(L49:U49),"") | AG49: =IFERROR(AVERAGE(V49:AE49),"") | AH49: =IFERROR(AVERAGE(B49:K49),"") | AI49: 0.93616867 | AJ49: 0
A50: 6671.jpg | F50: 0 | H50: 0.83646535 | K50: 0.86934442 | P50: 0 | R50: 0.96280854 | U50: 0.89476902 | Z50: 0 | AB50: 0.86439487 | AE50: 0.9683493 | AF50: =IFERROR(AVERAGE(L50:U50),"") | AG50: =IFERROR(AVERAGE(V50:AE50),"") | AH50: =IFERROR(AVERAGE(B50:K50),"") | AI50: 0.91448593 | AJ50: 0
A51: 6672.jpg | F51: 0 | H51: 0.83318927 | K51: 0.88425706 | R51: 0.88863226 | U51: 0.94795661 | Z51: 0 | AB51: 0.93033416 | AE51: 0.92937472 | AF51: =IFERROR(AVERAGE(L51:U51),"") | AG51: =IFERROR(AVERAGE(V51:AE51),"") | AH51: =IFERROR(AVERAGE(B51:K51),"") | AI51: 0.92463684 | AJ51: 0
A52: 6677.jpg | F52: 0 | H52: 0.76657846 | K52: 0.82361645 | P52: 0 | R52: 0.91021653 | U52: 0.88824428 | AB52: 0.82928488 | AE52: 0.91882969 | AF52: =IFERROR(AVERAGE(L52:U52),"") | AG52: =IFERROR(AVERAGE(V52:AE52),"") | AH52: =IFERROR(AVERAGE(B52:K52),"") | AI52: 0.88267517 | AJ52: 0
A53: 6679.jpg | H53: 0.88213374 | K53: 0.7739534 | R53: 0.97653453 | U53: 0.80674958 | AB53: 0.90123734 | AE53: 0.9500958 | AF53: =IFERROR(AVERAGE(L53:U53),"") | AG53: =IFERROR(AVERAGE(V53:AE53),"") | AH53: =IFERROR(AVERAGE(B53:K53),"") | AI53: 0.91602325 | AJ53: 0
A54: 6680.jpg | H54: 0.85072529 | K54: 0.58255994 | R54: 0.94945213 | U54: 0.66704549 | AB54: 0.89108404 | AE54: 0.82141364 | AF54: =IFERROR(AVERAGE(L54:U54),"") | AG54: =IFERROR(AVERAGE(V54:AE54),"") | AH54: =IFERROR(AVERAGE(B54:K54),"") | AI54: 0.87646103 | AJ54: 0
A55: 6688.jpg | F55: 0 | H55: 0.86166497 | K55: 0.93036464 | P55: 0 | R55: 0.92606222 | U55: 0.97347468 | AB55: 0.92532376 | AE55: 0.95456346 | AF55: =IFERROR(AVERAGE(L55:U55),"") | AG55: =IFERROR(AVERAGE(V55:AE55),"") | AH55: =IFERROR(AVERAGE(B55:K55),"") | AI55: 0.94701004 | AJ55: 0
A56: 6691.jpg | D56: 0.88278124 | E56: 0.32213284 | F56: 0.61075553 | G56: 0.93257541 | H56: 0.45084127 | I56: 0.4908999 | J56: 0.066002491 | K56: 0.6623178 | N56: 0.95836602 | O56: 0.42183276 | P56: 0.9173439 | Q56: 0.98112612 | R56: 0.86835428 | S56: 0.58635266 | T56: 0.080060423 | U56: 0.71769679 | X56: 0.91798636 | Y56: 0.57680051 | Z56: 0.64632358 | AA56: 0.94961135 | AB56: 0.48391658 | AC56: 0.75096674 | AD56: 0.27319588 | AE56: 0.89565356 | AF56: =IFERROR(AVERAGE(L56:U56),"") | AG56: =IFERROR(AVERAGE(V56:AE56),"") | AH56: =IFERROR(AVERAGE(B56:K56),"") | AI56: 0.84750748 | AJ56: 0
A57: 6695.jpg | C57: 0.20721507 | D57: 0 | E57: 0.2612224 | F57: 0 | G57: 0.90505028 | H57: 0.780096 | I57: 0.52977413 | K57: 0.64825494 | M57: 0.20946156 | O57: 0.90477344 | P57: 0 | Q57: 0.97028137 | R57: 0.95134712 | S57: 0.71270718 | U57: 0.78288746 | W57: 0.95078879 | X57: 0 | Y57: 0.26860733 | AA57: 0.93085418 | AB57: 0.81251107 | AC57: 0.67362924 | AE57: 0.79033878 | AF57: =IFERROR(AVERAGE(L57:U57),"") | AG57: =IFERROR(AVERAGE(V57:AE57),"") | AH57: =IFERROR(AVERAGE(B57:K57),"") | AI57: 0.71469116 | AJ57: 0
A58: 6700.jpg | B58: 0 | C58: 0.25063319 | D58: 0.30146501 | E58: 0.71143317 | G58: 0.70367877 | H58: 0.66096677 | I58: 0.64098448 | J58: 0.83541267 | K58: 0.68263829 | L58: 0 | M58: 0.28405996 | N58: 0.70464194 | O58: 0.80487205 | Q58: 0.9386145 | R58: 0.83007741 | S58: 0.69894982 | T58: 0.89557613 | U58: 0.7843357 | W58: 0.68049841 | X58: 0.34506865 | Y58: 0.85971223 | AA58: 0.73762476 | AB58: 0.7643925 | AC58: 0.88543976 | AD58: 0.9255715 | AE58: 0.84037824 | AF58: =IFERROR(AVERAGE(L58:U58),"") | AG58: =IFERROR(AVERAGE(V58:AE58),"") | AH58: =IFERROR(AVERAGE(B58:K58),"") | AI58: 0.72353363 | AJ58: 0
A59: 6717.jpg | C59: 0.23393895 | D59: 0 | E59: 0.51647616 | G59: 0 | H59: 0.81651332 | I59: 0.61545581 | J59: 0.79675056 | K59: 0.63063245 | M59: 0.23511843 | O59: 0.8940041 | Q59: 0 | R59: 0.88358019 | S59: 0.76745528 | T59: 0.92050055 | U59: 0.75389275 | W59: 0.97900634 | X59: 0 | Y59: 0.55016556 | AB59: 0.91494609 | AC59: 0.75654152 | AD59: 0.85562778 | AE59: 0.7941165 | AF59: =IFERROR(AVERAGE(L59:U59),"") | AG59: =IFERROR(AVERAGE(V59:AE59),"") | AH59: =IFERROR(AVERAGE(B59:K59),"") | AI59: 0.63036728 | AJ59: 0
A60: 6718.jpg | D60: 0.8557489 | F60: 0.3345521 | G60: 0.95384316 | H60: 0.80595399 | I60: 0.090566038 | K60: 0.81464761 | N60: 0.89810548 | P60: 0.556231 | Q60: 0.98937069 | R60: 0.92818546 | S60: 0.099173554 | U60: 0.86333353 | X60: 0.94776657 | Z60: 0.4563591 | AA60: 0.96371899 | AB60: 0.85955349 | AC60: 0.5106383 | AE60: 0.93525796 | AF60: =IFERROR(AVERAGE(L60:U60),"") | AG60: =IFERROR(AVERAGE(V60:AE60),"") | AH60: =IFERROR(AVERAGE(B60:K60),"") | AI60: 0.91883087 | AJ60: 0
A61: 6733.jpg | D61: 0.84563189 | G61: 0.96427836 | H61: 0.66009914 | J61: 0.63881748 | K61: 0.84944312 | N61: 0.88308237 | Q61: 0.99009097 | R61: 0.82480612 | T61: 0.91192661 | U61: 0.90366742 | X61: 0.95224451 | AA61: 0.973675 | AB61: 0.76774381 | AD61: 0.68082192 | AE61: 0.93402072 | AF61: =IFERROR(AVERAGE(L61:U61),"") | AG61: =IFERROR(AVERAGE(V61:AE61),"") | AH61: =IFERROR(AVERAGE(B61:K61),"") | AI61: 0.92132568 | AJ61: 0
A62: 6744.jpg | D62: 0.85541475 | G62: 0.88202281 | H62: 0.49131323 | J62: 0 | K62: 0.87758174 | N62: 0.89189189 | Q62: 0.93311233 | R62: 0.74407986 | T62: 0 | U62: 0.91667141 | X62: 0.95437018 | AA62: 0.94155292 | AB62: 0.59121933 | AE62: 0.95366018 | AF62: =IFERROR(AVERAGE(L62:U62),"") | AG62: =IFERROR(AVERAGE(V62:AE62),"") | AH62: =IFERROR(AVERAGE(B62:K62),"") | AI62: 0.90439987 | AJ62: 0
A63: 6751.jpg | D63: 0.66142945 | F63: 0.48148148 | G63: 0.84605314 | H63: 0.60328007 | K63: 0.85419534 | N63: 0.69369952 | P63: 0.65 | Q63: 0.91173861 | R63: 0.82385136 | U63: 0.89862307 | X63: 0.93429069 | Z63: 0.65 | AA63: 0.92152881 | AB63: 0.69261973 | AE63: 0.9452879 | AF63: =IFERROR(AVERAGE(L63:U63),"") | AG63: =IFERROR(AVERAGE(V63:AE63),"") | AH63: =IFERROR(AVERAGE(B63:K63),"") | AI63: 0.88879395 | AJ63: 0
A64: 6761.jpg | D64: 0.66528458 | F64: 0 | G64: 0.92288191 | H64: 0.82517237 | J64: 0.27352941 | K64: 0.85843226 | N64: 0.72188139 | P64: 0 | Q64: 0.9401402 | R64: 0.95069174 | T64: 0.43661972 | U64: 0.91288134 | X64: 0.89457679 | AA64: 0.98049684 | AB64: 0.86206722 | AD64: 0.42272727 | AE64: 0.93503241 | AF64: =IFERROR(AVERAGE(L64:U64),"") | AG64: =IFERROR(AVERAGE(V64:AE64),"") | AH64: =IFERROR(AVERAGE(B64:K64),"") | AI64: 0.92642975 | AJ64: 0
A65: 6765.jpg | B65: 0 | D65: 0.75388227 | F65: 0.38322938 | G65: 0.97692434 | H65: 0.88082826 | J65: 0.56862745 | K65: 0.82744509 | L65: 0 | N65: 0.88528414 | P65: 0.45327869 | Q65: 0.98458924 | R65: 0.92003216 | T65: 0.95473251 | U65: 0.92890858 | X65: 0.8355013 | Z65: 0.71262887 | AA65: 0.99209425 | AB65: 0.95385573 | AD65: 0.58438287 | AE65: 0.8833866 | AF65: =IFERROR(AVERAGE(L65:U65),"") | AG65: =IFERROR(AVERAGE(V65:AE65),"") | AH65: =IFERROR(AVERAGE(B65:K65),"") | AI65: 0.93919754 | AJ65: 0
A66: 6768.jpg | D66: 0.79853144 | F66: 0.46159937 | G66: 0.98636488 | H66: 0.89230782 | I66: 0 | J66: 0.62835249 | K66: 0.8029272 | N66: 0.87834427 | P66: 0.62823276 | Q66: 0.99272431 | R66: 0.91223242 | T66: 0.67489712 | U66: 0.94578379 | X66: 0.89783282 | Z66: 0.63507625 | AA66: 0.99354732 | AB66: 0.9761072 | AC66: 0 | AD66: 0.9010989 | AE66: 0.84166667 | AF66: =IFERROR(AVERAGE(L66:U66),"") | AG66: =IFERROR(AVERAGE(V66:AE66),"") | AH66: =IFERROR(AVERAGE(B66:K66),"") | AI66: 0.94073486 | AJ66: 0
A67: 6771.jpg | D67: 0.64137447 | F67: 0.55726257 | G67: 0.98195227 | H67: 0.93621381 | J67: 0.57407407 | K67: 0.824173 | N67: 0.69340409 | P67: 0.75 | Q67: 0.99057255 | R67: 0.95880071 | T67: 0.78282828 | U67: 0.93034309 | X67: 0.89526233 | Z67: 0.68439108 | AA67: 0.99121559 | AB67: 0.97545515 | AD67: 0.68281938 | AE67: 0.87837555 | AF67: =IFERROR(AVERAGE(L67:U67),"") | AG67: =IFERROR(AVERAGE(V67:AE67),"") | AH67: =IFERROR(AVERAGE(B67:K67),"") | AI67: 0.95341873 | AJ67: 0
A68: 6774.jpg | D68: 0.79174904 | F68: 0.61613217 | G68: 0.98774034 | H68: 0.95332971 | J68: 0.5734767 | K68: 0.87579425 | N68: 0.83210971 | P68: 0.71476888 | Q68: 0.99149989 | R68: 0.96969572 | T68: 0.68669528 | U68: 0.95855321 | X68: 0.94227451 | Z68: 0.81701031 | AA68: 0.99617583 | AB68: 0.98260427 | AD68: 0.77669903 | AE68: 0.91026449 | AF68: =IFERROR(AVERAGE(L68:U68),"") | AG68: =IFERROR(AVERAGE(V68:AE68),"") | AH68: =IFERROR(AVERAGE(B68:K68),"") | AI68: 0.96768188 | AJ68: 0
A69: 6775.jpg | D69: 0.80164568 | F69: 0.65356125 | G69: 0.98667606 | H69: 0.95666809 | J69: 0.53869969 | K69: 0.88561427 | N69: 0.84052288 | P69: 0.8210451 | Q69: 0.99122338 | R69: 0.97058973 | T69: 0.6350365 | U69: 0.9615774 | X69: 0.9454492 | Z69: 0.76212625 | AA69: 0.99537199 | AB69: 0.9852283 | AD69: 0.78026906 | AE69: 0.91810345 | AF69: =IFERROR(AVERAGE(L69:U69),"") | AG69: =IFERROR(AVERAGE(V69:AE69),"") | AH69: =IFERROR(AVERAGE(B69:K69),"") | AI69: 0.96946716 | AJ69: 0
A70: 6778.jpg | D70: 0.8458006 | F70: 0.65222349 | G70: 0.98488608 | H70: 0.94781446 | J70: 0.44047619 | K70: 0.87302391 | N70: 0.87258447 | P70: 0.68257757 | Q70: 0.99528379 | R70: 0.98205481 | T70: 0.73026316 | U70: 0.92183886 | X70: 0.96498001 | Z70: 0.93617021 | AA70: 0.98950404 | AB70: 0.96451947 | AD70: 0.52606635 | AE70: 0.94281301 | AF70: =IFERROR(AVERAGE(L70:U70),"") | AG70: =IFERROR(AVERAGE(V70:AE70),"") | AH70: =IFERROR(AVERAGE(B70:K70),"") | AI70: 0.96562195 | AJ70: 0
A71: 6780.jpg | D71: 0.84751641 | F71: 0.37944664 | G71: 0.9765247 | H71: 0.94026636 | J71: 0.37214612 | K71: 0.86256381 | N71: 0.90514618 | P71: 0.45283019 | Q71: 0.99081601 | R71: 0.97534603 | T71: 0.42558747 | U71: 0.91623772 | X71: 0.93012507 | Z71: 0.70072993 | AA71: 0.98544447 | AB71: 0.96315799 | AD71: 0.74770642 | AE71: 0.93640436 | AF71: =IFERROR(AVERAGE(L71:U71),"") | AG71: =IFERROR(AVERAGE(V71:AE71),"") | AH71: =IFERROR(AVERAGE(B71:K71),"") | AI71: 0.96169662 | AJ71: 0
A72: 6785.jpg | D72: 0.85812856 | F72: 0.58935084 | G72: 0.97626022 | H72: 0.95247983 | J72: 0 | K72: 0.9030086 | N72: 0.90931247 | P72: 0.61820964 | Q72: 0.99334671 | R72: 0.97879766 | T72: 0 | U72: 0.94404872 | X72: 0.93844321 | Z72: 0.9266055 | AA72: 0.98268586 | AB72: 0.97254564 | AE72: 0.95406939 | AF72: =IFERROR(AVERAGE(L72:U72),"") | AG72: =IFERROR(AVERAGE(V72:AE72),"") | AH72: =IFERROR(AVERAGE(B72:K72),"") | AI72: 0.96918488 | AJ72: 0
A73: 6786.jpg | D73: 0.84567539 | F73: 0.45746269 | G73: 0.97427072 | H73: 0.95550796 | J73: 0 | K73: 0.90454944 | N73: 0.90176449 | P73: 0.49236948 | Q73: 0.99446872 | R73: 0.97524944 | T73: 0 | U73: 0.95107432 | X73: 0.93148914 | Z73: 0.86581921 | AA73: 0.979579 | AB73: 0.97925443 | AD73: 0 | AE73: 0.94869439 | AF73: =IFERROR(AVERAGE(L73:U73),"") | AG73: =IFERROR(AVERAGE(V73:AE73),"") | AH73: =IFERROR(AVERAGE(B73:K73),"") | AI73: 0.96918869 | AJ73: 0
A74: 6794.jpg | D74: 0.79603053 | F74: 0.71535195 | H74: 0.88573791 | I74: 0.83333333 | K74: 0.90984244 | N74: 0.80887372 | P74: 0.87025827 | R74: 0.90366934 | S74: 0.94724221 | U74: 0.96389781 | X74: 0.98044378 | Z74: 0.80075006 | AB74: 0.9780882 | AC74: 0.87389381 | AE74: 0.94194153 | AF74: =IFERROR(AVERAGE(L74:U74),"") | AG74: =IFERROR(AVERAGE(V74:AE74),"") | AH74: =IFERROR(AVERAGE(B74:K74),"") | AI74: 0.93677139 | AJ74: 0
A75: 6795.jpg | D75: 0.90890875 | F75: 0.7941764 | H75: 0.87689316 | I75: 0.85162602 | J75: 0.78664122 | K75: 0.88118033 | N75: 0.96321166 | P75: 0.82958138 | R75: 0.90226118 | S75: 0.8895966 | T75: 0.89414317 | U75: 0.96741056 | X75: 0.9415956 | Z75: 0.94900174 | AB75: 0.96893286 | AC75: 0.95227273 | AD75: 0.86742424 | AE75: 0.90813802 | AF75: =IFERROR(AVERAGE(L75:U75),"") | AG75: =IFERROR(AVERAGE(V75:AE75),"") | AH75: =IFERROR(AVERAGE(B75:K75),"") | AI75: 0.93083572 | AJ75: 0
A76: 6796.jpg | B76: 0 | D76: 0.90018493 | F76: 0.20529801 | H76: 0.93596797 | I76: 0.64583333 | J76: 0.85089141 | K76: 0.89658052 | L76: 0 | N76: 0.94058258 | P76: 0.20843839 | R76: 0.95709717 | S76: 0.67554479 | T76: 0.92145678 | U76: 0.97357908 | X76: 0.95446078 | Z76: 0.93163035 | AB76: 0.97695686 | AC76: 0.93624161 | AD76: 0.91743119 | AE76: 0.91893955 | AF76: =IFERROR(AVERAGE(L76:U76),"") | AG76: =IFERROR(AVERAGE(V76:AE76),"") | AH76: =IFERROR(AVERAGE(B76:K76),"") | AI76: 0.94570923 | AJ76: 0
A77: 6809.jpg | H77: 0.90182679 | K77: 0.96229758 | R77: 0.91254161 | U77: 0.99533589 | AB77: 0.9871474 | AE77: 0.96665652 | AF77: =IFERROR(AVERAGE(L77:U77),"") | AG77: =IFERROR(AVERAGE(V77:AE77),"") | AH77: =IFERROR(AVERAGE(B77:K77),"") | AI77: 0.97199631 | AJ77: 0
A78: 6815.jpg | D78: 0.80735676 | H78: 0.97620965 | J78: 0.62928349 | K78: 0.91870466 | N78: 0.86399193 | R78: 0.98755669 | T78: 0.76952381 | U78: 0.96067517 | X78: 0.92490546 | AB78: 0.9883669 | AD78: 0.77543186 | AE78: 0.95460426 | AF78: =IFERROR(AVERAGE(L78:U78),"") | AG78: =IFERROR(AVERAGE(V78:AE78),"") | AH78: =IFERROR(AVERAGE(B78:K78),"") | AI78: 0.97796249 | AJ78: 0
A79: 6825.jpg | D79: 0.93513155 | F79: 0.8899738 | H79: 0.90937995 | I79: 0.011764706 | K79: 0.91592506 | N79: 0.96224775 | P79: 0.91911021 | R79: 0.9616111 | S79: 0.5 | U79: 0.957533 | X79: 0.97074668 | Z79: 0.96560535 | AB79: 0.94363753 | AC79: 0.011904762 | AE79: 0.95470685 | AF79: =IFERROR(AVERAGE(L79:U79),"") | AG79: =IFERROR(AVERAGE(V79:AE79),"") | AH79: =IFERROR(AVERAGE(B79:K79),"") | AI79: 0.9536171 | AJ79: 0
A80: 6827.jpg | F80: 0.85919617 | H80: 0.93997211 | K80: 0.94490911 | P80: 0.99568168 | R80: 0.96078404 | U80: 0.96005288 | Z80: 0.86240983 | AB80: 0.97747437 | AE80: 0.98358055 | AF80: =IFERROR(AVERAGE(L80:U80),"") | AG80: =IFERROR(AVERAGE(V80:AE80),"") | AH80: =IFERROR(AVERAGE(B80:K80),"") | AI80: 0.96465683 | AJ80: 0
A81: 6831.jpg | D81: 0.90935427 | F81: 0.84699527 | H81: 0.85087805 | I81: 0.68336315 | J81: 0.86368843 | K81: 0.8038287 | N81: 0.94600626 | P81: 0.87002733 | R81: 0.9044818 | S81: 0.87896917 | T81: 0.94644351 | U81: 0.923618 | X81: 0.95913512 | Z81: 0.96969231 | AB81: 0.93488428 | AC81: 0.75434439 | AD81: 0.90806905 | AE81: 0.86106875 | AF81: =IFERROR(AVERAGE(L81:U81),"") | AG81: =IFERROR(AVERAGE(V81:AE81),"") | AH81: =IFERROR(AVERAGE(B81:K81),"") | AI81: 0.91347122 | AJ81: 0
A82: 6844.jpg | D82: 0.92839955 | F82: 0.86871016 | H82: 0.86409876 | I82: 0 | J82: 0.4823876 | K82: 0.89085821 | N82: 0.9619388 | P82: 0.90510726 | R82: 0.93485826 | S82: 0 | T82: 0.93541977 | U82: 0.95223283 | X82: 0.96380407 | Z82: 0.95575752 | AB82: 0.91946053 | AD82: 0.49900623 | AE82: 0.93253157 | AF82: =IFERROR(AVERAGE(L82:U82),"") | AG82: =IFERROR(AVERAGE(V82:AE82),"") | AH82: =IFERROR(AVERAGE(B82:K82),"") | AI82: 0.92901611 | AJ82: 0
A83: 6850.jpg | D83: 0.73946501 | H83: 0.96038325 | K83: 0.94986852 | N83: 0.84541265 | R83: 0.97541866 | U83: 0.97950422 | X83: 0.85508475 | AB83: 0.98420337 | AE83: 0.96913064 | AF83: =IFERROR(AVERAGE(L83:U83),"") | AG83: =IFERROR(AVERAGE(V83:AE83),"") | AH83: =IFERROR(AVERAGE(B83:K83),"") | AI83: 0.97609711 | AJ83: 0
A84: 6856.jpg | D84: 0.94446614 | F84: 0.83698991 | H84: 0.9117634 | I84: 0.75336788 | J84: 0.74690509 | K84: 0.92299841 | N84: 0.97376739 | P84: 0.95974843 | R84: 0.95063257 | S84: 0.88766789 | T84: 0.76912181 | U84: 0.95999337 | X84: 0.96912381 | Z84: 0.86743975 | AB84: 0.95708009 | AC84: 0.8327606 | AD84: 0.96276596 | AE84: 0.95992172 | AF84: =IFERROR(AVERAGE(L84:U84),"") | AG84: =IFERROR(AVERAGE(V84:AE84),"") | AH84: =IFERROR(AVERAGE(B84:K84),"") | AI84: 0.95877457 | AJ84: 0
A85: 6893.jpg | D85: 0.92768699 | F85: 0.77971879 | H85: 0.90906148 | I85: 0.80366726 | K85: 0.88756597 | N85: 0.95026638 | P85: 0.81073897 | R85: 0.94892836 | S85: 0.88045076 | U85: 0.96025151 | X85: 0.97502636 | Z85: 0.95322429 | AB85: 0.95582622 | AC85: 0.90210843 | AE85: 0.92141867 | AF85: =IFERROR(AVERAGE(L85:U85),"") | AG85: =IFERROR(AVERAGE(V85:AE85),"") | AH85: =IFERROR(AVERAGE(B85:K85),"") | AI85: 0.94176865 | AJ85: 0
A86: 6895.jpg | D86: 0.93228723 | F86: 0.71505315 | H86: 0.88940029 | I86: 0.82432432 | K86: 0.86358285 | N86: 0.96257519 | P86: 0.7628338 | R86: 0.9362839 | S86: 0.89705882 | U86: 0.94509134 | X86: 0.96735101 | Z86: 0.91945914 | AB86: 0.94669984 | AC86: 0.91044776 | AE86: 0.90920026 | AF86: =IFERROR(AVERAGE(L86:U86),"") | AG86: =IFERROR(AVERAGE(V86:AE86),"") | AH86: =IFERROR(AVERAGE(B86:K86),"") | AI86: 0.93229294 | AJ86: 0
A87: 6896.jpg | D87: 0.90575692 | F87: 0.72332626 | H87: 0.94062716 | I87: 0.84717608 | K87: 0.87479729 | N87: 0.94587887 | P87: 0.78071637 | R87: 0.97250979 | S87: 0.92168675 | U87: 0.94077061 | X87: 0.95526389 | Z87: 0.90774818 | AB87: 0.96632063 | AC87: 0.91288783 | AE87: 0.92578569 | AF87: =IFERROR(AVERAGE(L87:U87),"") | AG87: =IFERROR(AVERAGE(V87:AE87),"") | AH87: =IFERROR(AVERAGE(B87:K87),"") | AI87: 0.94775391 | AJ87: 0
A88: 6898.jpg | D88: 0.9177005 | E88: 0 | F88: 0.68981789 | H88: 0.94399814 | I88: 0.78560127 | K88: 0.88968253 | N88: 0.95570741 | O88: 0 | P88: 0.72156563 | R88: 0.97352449 | S88: 0.91100917 | U88: 0.95527386 | X88: 0.95846512 | Z88: 0.94004166 | AB88: 0.96887153 | AC88: 0.85089974 | AE88: 0.92835322 | AF88: =IFERROR(AVERAGE(L88:U88),"") | AG88: =IFERROR(AVERAGE(V88:AE88),"") | AH88: =IFERROR(AVERAGE(B88:K88),"") | AI88: 0.95016861 | AJ88: 0
A89: 6905.jpg | D89: 0.92656577 | F89: 0.77694756 | H89: 0.9335068 | I89: 0.7752809 | K89: 0.9213499 | N89: 0.97371777 | P89: 0.8163117 | R89: 0.95440621 | S89: 0.82634731 | U89: 0.97078629 | X89: 0.95033315 | Z89: 0.94156116 | AB89: 0.97708007 | AC89: 0.9261745 | AE89: 0.94762374 | AF89: =IFERROR(AVERAGE(L89:U89),"") | AG89: =IFERROR(AVERAGE(V89:AE89),"") | AH89: =IFERROR(AVERAGE(B89:K89),"") | AI89: 0.95724106 | AJ89: 0
A90: 6906.jpg | C90: 0 | D90: 0.91381635 | F90: 0.73405682 | H90: 0.9108891 | I90: 0.84100877 | K90: 0.89763627 | M90: 0 | N90: 0.96717646 | P90: 0.77467507 | R90: 0.98351402 | S90: 0.8800918 | U90: 0.9353809 | X90: 0.94306322 | Z90: 0.93333333 | AB90: 0.92501276 | AC90: 0.9498452 | AE90: 0.95698013 | AF90: =IFERROR(AVERAGE(L90:U90),"") | AG90: =IFERROR(AVERAGE(V90:AE90),"") | AH90: =IFERROR(AVERAGE(B90:K90),"") | AI90: 0.94392776 | AJ90: 0
A91: 6907.jpg | D91: 0.90441486 | F91: 0.71789277 | H91: 0.94098897 | I91: 0.86045287 | K91: 0.91532093 | N91: 0.94408283 | P91: 0.73101828 | R91: 0.95992795 | S91: 0.90626733 | U91: 0.97906769 | X91: 0.95560436 | Z91: 0.97559942 | AB91: 0.97946371 | AC91: 0.94450867 | AE91: 0.93359075 | AF91: =IFERROR(AVERAGE(L91:U91),"") | AG91: =IFERROR(AVERAGE(V91:AE91),"") | AH91: =IFERROR(AVERAGE(B91:K91),"") | AI91: 0.9527626 | AJ91: 0
A92: 6910.jpg | D92: 0.89281585 | F92: 0.71805486 | G92: 0.79487768 | H92: 0.91889245 | I92: 0.81397638 | K92: 0.87969296 | N92: 0.97368277 | P92: 0.80759522 | Q92: 0.97973992 | R92: 0.94439785 | S92: 0.95166858 | U92: 0.93805849 | X92: 0.91489362 | Z92: 0.86624549 | AA92: 0.80816168 | AB92: 0.97144829 | AC92: 0.84907598 | AE92: 0.93394344 | AF92: =IFERROR(AVERAGE(L92:U92),"") | AG92: =IFERROR(AVERAGE(V92:AE92),"") | AH92: =IFERROR(AVERAGE(B92:K92),"") | AI92: 0.93584824 | AJ92: 0
A93: 6912.jpg | D93: 0.55670103 | F93: 0.77753381 | H93: 0.93041873 | K93: 0.85870397 | N93: 0.56875366 | P93: 0.82668783 | R93: 0.94772031 | U93: 0.96441738 | X93: 0.96333003 | Z93: 0.92896118 | AB93: 0.98075631 | AE93: 0.88679981 | AF93: =IFERROR(AVERAGE(L93:U93),"") | AG93: =IFERROR(AVERAGE(V93:AE93),"") | AH93: =IFERROR(AVERAGE(B93:K93),"") | AI93: 0.94571304 | AJ93: 0
A94: 6915.jpg | B94: 0 | F94: 0 | H94: 0.9693454 | K94: 0.89802807 | P94: 0 | R94: 0.97178062 | U94: 0.98213931 | V94: 0 | AB94: 0.99742149 | AE94: 0.91293733 | AF94: =IFERROR(AVERAGE(L94:U94),"") | AG94: =IFERROR(AVERAGE(V94:AE94),"") | AH94: =IFERROR(AVERAGE(B94:K94),"") | AI94: 0.92938232 | AJ94: 0
A95: 6920.jpg | B95: 0 | D95: 0 | F95: 0.2102437 | G95: 0.6345169 | H95: 0.91412869 | K95: 0.93854782 | N95: 0 | P95: 0.23718546 | Q95: 0.95246637 | R95: 0.94857259 | U95: 0.95155093 | V95: 0 | Z95: 0.64923469 | AA95: 0.65526664 | AB95: 0.96179528 | AE95: 0.98564904 | AF95: =IFERROR(AVERAGE(L95:U95),"") | AG95: =IFERROR(AVERAGE(V95:AE95),"") | AH95: =IFERROR(AVERAGE(B95:K95),"") | AI95: 0.90883636 | AJ95: 0
A96: 6927.jpg | B96: 0 | D96: 0.56629432 | F96: 0.94673491 | H96: 0.88423621 | I96: 0.394395 | K96: 0.82159293 | L96: 0 | N96: 0.57038034 | P96: 0.95927366 | R96: 0.89871148 | S96: 0.93846594 | U96: 0.95634005 | X96: 0.98750794 | Z96: 0.98638152 | AB96: 0.98211049 | AC96: 0.4048648 | AE96: 0.85361042 | AF96: =IFERROR(AVERAGE(L96:U96),"") | AG96: =IFERROR(AVERAGE(V96:AE96),"") | AH96: =IFERROR(AVERAGE(B96:K96),"") | AI96: 0.93237686 | AJ96: 0
A97: 6951.jpg | B97: 0 | D97: 0.92906455 | F97: 0.90949568 | G97: 0.97244356 | H97: 0.90113725 | J97: 0.85814394 | K97: 0.86844022 | L97: 0 | N97: 0.93487322 | P97: 0.92899573 | Q97: 0.97822544 | R97: 0.95111362 | T97: 0.99604309 | U97: 0.94250061 | X97: 0.99335671 | Z97: 0.97744141 | AA97: 0.99395865 | AB97: 0.94490292 | AD97: 0.86107944 | AE97: 0.91702529 | AF97: =IFERROR(AVERAGE(L97:U97),"") | AG97: =IFERROR(AVERAGE(V97:AE97),"") | AH97: =IFERROR(AVERAGE(B97:K97),"") | AI97: 0.96059418 | AJ97: 0
A98: 6952.jpg | D98: 0.8332247 | F98: 0.9510291 | G98: 0.94897384 | H98: 0.87014471 | J98: 0.77106949 | K98: 0.87066332 | N98: 0.95506457 | P98: 0.98006948 | Q98: 0.95253768 | R98: 0.97049146 | T98: 0.98956357 | U98: 0.90844068 | X98: 0.86722233 | Z98: 0.96978469 | AA98: 0.99607289 | AB98: 0.89379214 | AD98: 0.7773913 | AE98: 0.95441499 | AF98: =IFERROR(AVERAGE(L98:U98),"") | AG98: =IFERROR(AVERAGE(V98:AE98),"") | AH98: =IFERROR(AVERAGE(B98:K98),"") | AI98: 0.94997787 | AJ98: 0
A99: 6954.jpg | B99: 0 | D99: 0.84607241 | F99: 0.77522255 | G99: 0.98002949 | H99: 0.93887114 | J99: 0.70114943 | K99: 0.81650341 | L99: 0 | N99: 0.94557501 | P99: 0.91078361 | Q99: 0.99689153 | R99: 0.95755074 | T99: 0.88289474 | U99: 0.90073871 | X99: 0.88938349 | Z99: 0.83892862 | AA99: 0.98303353 | AB99: 0.97964512 | AD99: 0.77304147 | AE99: 0.89723536 | AF99: =IFERROR(AVERAGE(L99:U99),"") | AG99: =IFERROR(AVERAGE(V99:AE99),"") | AH99: =IFERROR(AVERAGE(B99:K99),"") | AI99: 0.9553833 | AJ99: 0
A100: 6959.jpg | B100: 0 | D100: 0.93075017 | F100: 0.84532461 | H100: 0.90693216 | I100: 0.84945332 | J100: 0.91835373 | K100: 0.86311878 | L100: 0 | N100: 0.97120314 | P100: 0.93728176 | R100: 0.94758496 | S100: 0.88986784 | T100: 0.95445087 | U100: 0.92625232 | X100: 0.95716545 | Z100: 0.89600719 | AB100: 0.95483264 | AC100: 0.94924812 | AD100: 0.96044672 | AE100: 0.92681012 | AF100: =IFERROR(AVERAGE(L100:U100),"") | AG100: =IFERROR(AVERAGE(V100:AE100),"") | AH100: =IFERROR(AVERAGE(B100:K100),"") | AI100: 0.94361877 | AJ100: 0
...

Sheet DeepLabV3+
A1: DeepLabV3+ — métricas por imagen de test (426 imágenes)
A2: Celdas vacías: la clase no aparece ni en la referencia ni en la predicción (IoU), no se predice (precisión) o no está en la referencia (recall). Ver la hoja Léeme.
B3: IoU por clase | L3: Precisión por clase | V3: Recall por clase | AF3: Resumen de la imagen
A4: Imagen | B4: IoU Background | C4: IoU Building-flooded | D4: IoU Building-non-flooded | E4: IoU Road-flooded | F4: IoU Road-non-flooded | G4: IoU Water | H4: IoU Tree | I4: IoU Vehicle | J4: IoU Pool | K4: IoU Grass | L4: Precisión Background | M4: Precisión Building-flooded | N4: Precisión Building-non-flooded | O4: Precisión Road-flooded | P4: Precisión Road-non-flooded | Q4: Precisión Water | R4: Precisión Tree | S4: Precisión Vehicle | T4: Precisión Pool | U4: Precisión Grass | V4: Recall Background | W4: Recall Building-flooded | X4: Recall Building-non-flooded | Y4: Recall Road-flooded | Z4: Recall Road-non-flooded | AA4: Recall Water | AB4: Recall Tree | AC4: Recall Vehicle | AD4: Recall Pool | AE4: Recall Grass | AF4: Precisión | AG4: Recall | AH4: Mean_IoU | AI4: Pixel accuracy | AJ4: % píxeles sin predicción
A5: 6336.jpg | F5: 0.94414003 | G5: 0.85686992 | I5: 0.76934985 | K5: 0.96569567 | P5: 0.97015902 | Q5: 0.85949734 | S5: 0.82421227 | U5: 0.99008239 | Z5: 0.97237856 | AA5: 0.99644512 | AC5: 0.92037037 | AE5: 0.97512841 | AF5: =IFERROR(AVERAGE(L5:U5),"") | AG5: =IFERROR(AVERAGE(V5:AE5),"") | AH5: =IFERROR(AVERAGE(B5:K5),"") | AI5: 0.97560883 | AJ5: 0
A6: 6342.jpg | F6: 0.93090169 | G6: 0.9312372 | K6: 0.9750023 | P6: 0.96742102 | Q6: 0.9923638 | U6: 0.98202254 | Z6: 0.96102914 | AA6: 0.93795846 | AE6: 0.99272132 | AF6: =IFERROR(AVERAGE(L6:U6),"") | AG6: =IFERROR(AVERAGE(V6:AE6),"") | AH6: =IFERROR(AVERAGE(B6:K6),"") | AI6: 0.9813118 | AJ6: 0
A7: 6353.jpg | F7: 0.90142304 | G7: 0.92510658 | H7: 0.71401985 | K7: 0.97121021 | P7: 0.93771199 | Q7: 0.97781191 | R7: 0.91567224 | U7: 0.9839836 | Z7: 0.95883573 | AA7: 0.94494293 | AB7: 0.76427623 | AE7: 0.98681018 | AF7: =IFERROR(AVERAGE(L7:U7),"") | AG7: =IFERROR(AVERAGE(V7:AE7),"") | AH7: =IFERROR(AVERAGE(B7:K7),"") | AI7: 0.97739792 | AJ7: 0
A8: 6362.jpg | F8: 0.93519151 | G8: 0.97606364 | H8: 0.67811379 | I8: 0.65873016 | K8: 0.98527584 | P8: 0.95520401 | Q8: 0.98143122 | R8: 0.73013245 | S8: 0.71551724 | U8: 0.99629524 | Z8: 0.97808797 | AA8: 0.99442796 | AB8: 0.90492476 | AC8: 0.89247312 | AE8: 0.98889895 | AF8: =IFERROR(AVERAGE(L8:U8),"") | AG8: =IFERROR(AVERAGE(V8:AE8),"") | AH8: =IFERROR(AVERAGE(B8:K8),"") | AI8: 0.98767471 | AJ8: 0
A9: 6371.jpg | F9: 0.94905839 | G9: 0.96161988 | H9: 0 | K9: 0.97978414 | P9: 0.993609 | Q9: 0.97639519 | R9: 0 | U9: 0.99091581 | Z9: 0.95488745 | AA9: 0.98450732 | AE9: 0.98866446 | AF9: =IFERROR(AVERAGE(L9:U9),"") | AG9: =IFERROR(AVERAGE(V9:AE9),"") | AH9: =IFERROR(AVERAGE(B9:K9),"") | AI9: 0.98407364 | AJ9: 0
A10: 6377.jpg | F10: 0.95256481 | G10: 0.9566784 | I10: 0.71578947 | K10: 0.98513387 | P10: 0.9661421 | Q10: 0.98903611 | S10: 0.75836431 | U10: 0.99330422 | Z10: 0.98546158 | AA10: 0.96693291 | AC10: 0.92727273 | AE10: 0.99171959 | AF10: =IFERROR(AVERAGE(L10:U10),"") | AG10: =IFERROR(AVERAGE(V10:AE10),"") | AH10: =IFERROR(AVERAGE(B10:K10),"") | AI10: 0.98841858 | AJ10: 0
A11: 6383.jpg | F11: 0.93522755 | G11: 0.95640048 | I11: 0.56967213 | K11: 0.98612815 | P11: 0.95311466 | Q11: 0.99482667 | S11: 0.76373626 | U11: 0.99334262 | Z11: 0.98032798 | AA11: 0.96118092 | AC11: 0.69154229 | AE11: 0.99268886 | AF11: =IFERROR(AVERAGE(L11:U11),"") | AG11: =IFERROR(AVERAGE(V11:AE11),"") | AH11: =IFERROR(AVERAGE(B11:K11),"") | AI11: 0.98843002 | AJ11: 0
A12: 6389.jpg | F12: 0.92860143 | G12: 0.94355857 | I12: 0 | K12: 0.97964487 | P12: 0.97952252 | Q12: 0.99477421 | S12: 0 | U12: 0.98421485 | Z12: 0.9469852 | AA12: 0.94825885 | AE12: 0.99528262 | AF12: =IFERROR(AVERAGE(L12:U12),"") | AG12: =IFERROR(AVERAGE(V12:AE12),"") | AH12: =IFERROR(AVERAGE(B12:K12),"") | AI12: 0.98372269 | AJ12: 0
A13: 6391.jpg | F13: 0.93659051 | G13: 0.9466699 | K13: 0.98004282 | P13: 0.96060511 | Q13: 0.98801881 | U13: 0.98988082 | Z13: 0.97400196 | AA13: 0.95766366 | AE13: 0.98996084 | AF13: =IFERROR(AVERAGE(L13:U13),"") | AG13: =IFERROR(AVERAGE(V13:AE13),"") | AH13: =IFERROR(AVERAGE(B13:K13),"") | AI13: 0.98477936 | AJ13: 0
A14: 6394.jpg | F14: 0.78690381 | G14: 0.95507383 | I14: 0 | K14: 0.93239687 | P14: 0.97194365 | Q14: 0.98413726 | S14: 0 | U14: 0.93964464 | Z14: 0.80519375 | AA14: 0.97000638 | AE14: 0.99179532 | AF14: =IFERROR(AVERAGE(L14:U14),"") | AG14: =IFERROR(AVERAGE(V14:AE14),"") | AH14: =IFERROR(AVERAGE(B14:K14),"") | AI14: 0.94740295 | AJ14: 0
A15: 6405.jpg | F15: 0.9232102 | G15: 0.93094945 | K15: 0.98728526 | P15: 0.92389622 | Q15: 0.95108814 | U15: 0.99771274 | Z15: 0.99919636 | AA15: 0.97776091 | AE15: 0.98952491 | AF15: =IFERROR(AVERAGE(L15:U15),"") | AG15: =IFERROR(AVERAGE(V15:AE15),"") | AH15: =IFERROR(AVERAGE(B15:K15),"") | AI15: 0.98907089 | AJ15: 0
A16: 6412.jpg | C16: 0 | D16: 0 | F16: 0.88990663 | G16: 0 | H16: 0.76455651 | I16: 0.73509015 | J16: 0.86414649 | K16: 0.90229036 | N16: 0 | P16: 0.89871067 | Q16: 0 | R16: 0.86468977 | S16: 0.87171053 | T16: 0.90532178 | U16: 0.95437421 | W16: 0 | Z16: 0.98911164 | AB16: 0.86845989 | AC16: 0.82426128 | AD16: 0.95 | AE16: 0.94296597 | AF16: =IFERROR(AVERAGE(L16:U16),"") | AG16: =IFERROR(AVERAGE(V16:AE16),"") | AH16: =IFERROR(AVERAGE(B16:K16),"") | AI16: 0.70100021 | AJ16: 0
A17: 6417.jpg | D17: 0.87527829 | F17: 0.8912822 | G17: 0.8960396 | H17: 0.92081686 | I17: 0.78243612 | J17: 0.88858696 | K17: 0.90308113 | N17: 0.89203498 | P17: 0.92003756 | Q17: 0.95117145 | R17: 0.96428225 | S17: 0.80010147 | T17: 0.96176471 | U17: 0.96047452 | X17: 0.97898942 | Z17: 0.96612108 | AA17: 0.93924324 | AB17: 0.95333291 | AC17: 0.97255628 | AD17: 0.92112676 | AE17: 0.93793832 | AF17: =IFERROR(AVERAGE(L17:U17),"") | AG17: =IFERROR(AVERAGE(V17:AE17),"") | AH17: =IFERROR(AVERAGE(B17:K17),"") | AI17: 0.94961929 | AJ17: 0
A18: 6419.jpg | D18: 0.88551009 | F18: 0.87557604 | G18: 0.5327674 | H18: 0.87814868 | I18: 0.82873082 | K18: 0.91867047 | N18: 0.94508091 | P18: 0.89917791 | Q18: 1 | R18: 0.9410904 | S18: 0.86240929 | U18: 0.96088386 | X18: 0.93354804 | Z18: 0.97089424 | AA18: 0.5327674 | AB18: 0.92922799 | AC18: 0.95499839 | AE18: 0.95436139 | AF18: =IFERROR(AVERAGE(L18:U18),"") | AG18: =IFERROR(AVERAGE(V18:AE18),"") | AH18: =IFERROR(AVERAGE(B18:K18),"") | AI18: 0.94403076 | AJ18: 0
A19: 6420.jpg | D19: 0.84205986 | F19: 0.91940927 | G19: 0.33726736 | H19: 0.8715148 | I19: 0.85175664 | K19: 0.92190162 | N19: 0.90150177 | P19: 0.93687805 | Q19: 1 | R19: 0.95071031 | S19: 0.86660854 | U19: 0.95280286 | X19: 0.92738238 | Z19: 0.98012299 | AA19: 0.33726736 | AB19: 0.9127566 | AC19: 0.98027613 | AE19: 0.96601615 | AF19: =IFERROR(AVERAGE(L19:U19),"") | AG19: =IFERROR(AVERAGE(V19:AE19),"") | AH19: =IFERROR(AVERAGE(B19:K19),"") | AI19: 0.94464111 | AJ19: 0
A20: 6445.jpg | D20: 0.85326537 | F20: 0.22091537 | G20: 0.99153578 | H20: 0.65847532 | I20: 0.70349762 | J20: 0.86205396 | K20: 0.91923291 | N20: 0.87850595 | P20: 0.66976744 | Q20: 0.99284885 | R20: 0.80231596 | S20: 0.7381151 | T20: 0.92011147 | U20: 0.96233276 | X20: 0.96742475 | Z20: 0.24791966 | AA20: 0.99866795 | AB20: 0.78599789 | AC20: 0.9375 | AD20: 0.9317968 | AE20: 0.95354157 | AF20: =IFERROR(AVERAGE(L20:U20),"") | AG20: =IFERROR(AVERAGE(V20:AE20),"") | AH20: =IFERROR(AVERAGE(B20:K20),"") | AI20: 0.95096207 | AJ20: 0
A21: 6449.jpg | D21: 0.84242298 | G21: 0.9965557 | H21: 0.87808563 | J21: 0.66131237 | K21: 0.95938715 | N21: 0.98563078 | Q21: 0.99776132 | R21: 0.9264317 | T21: 0.82904884 | U21: 0.97613356 | X21: 0.85289779 | AA21: 0.99878896 | AB21: 0.94390316 | AD21: 0.76573011 | AE21: 0.98243204 | AF21: =IFERROR(AVERAGE(L21:U21),"") | AG21: =IFERROR(AVERAGE(V21:AE21),"") | AH21: =IFERROR(AVERAGE(B21:K21),"") | AI21: 0.9771843 | AJ21: 0
A22: 6452.jpg | D22: 0.78371106 | G22: 0.99571134 | H22: 0.85581395 | I22: 0 | J22: 0.83579639 | K22: 0.93771241 | N22: 0.99136013 | Q22: 0.99985077 | R22: 0.90819348 | T22: 0.85223943 | U22: 0.94661878 | X22: 0.78910076 | AA22: 0.99585935 | AB22: 0.93686354 | AC22: 0 | AD22: 0.97743639 | AE22: 0.99006609 | AF22: =IFERROR(AVERAGE(L22:U22),"") | AG22: =IFERROR(AVERAGE(V22:AE22),"") | AH22: =IFERROR(AVERAGE(B22:K22),"") | AI22: 0.96693802 | AJ22: 0
A23: 6467.jpg | D23: 0.87335775 | F23: 0.80368242 | G23: 0.91580795 | H23: 0.8172353 | I23: 0.78701456 | J23: 0.68332751 | K23: 0.84544738 | N23: 0.93121702 | P23: 0.84693814 | Q23: 0.98400722 | R23: 0.90839491 | S23: 0.81726528 | T23: 0.74325181 | U23: 0.92295243 | X23: 0.9335825 | Z23: 0.94024834 | AA23: 0.92964513 | AB23: 0.89063455 | AC23: 0.955081 | AD23: 0.89446393 | AE23: 0.90964806 | AF23: =IFERROR(AVERAGE(L23:U23),"") | AG23: =IFERROR(AVERAGE(V23:AE23),"") | AH23: =IFERROR(AVERAGE(B23:K23),"") | AI23: 0.91450882 | AJ23: 0
A24: 6468.jpg | D24: 0.84995867 | F24: 0.74573768 | G24: 0.97370586 | H24: 0.75685164 | I24: 0.76240668 | J24: 0.67373131 | K24: 0.87151532 | N24: 0.89004893 | P24: 0.79085991 | Q24: 0.9817821 | R24: 0.85609975 | S24: 0.78623188 | T24: 0.70641975 | U24: 0.95842873 | X24: 0.94967297 | Z24: 0.92892977 | AA24: 0.99162254 | AB24: 0.86717128 | AC24: 0.96177285 | AD24: 0.93573181 | AE24: 0.90575414 | AF24: =IFERROR(AVERAGE(L24:U24),"") | AG24: =IFERROR(AVERAGE(V24:AE24),"") | AH24: =IFERROR(AVERAGE(B24:K24),"") | AI24: 0.92380142 | AJ24: 0
A25: 6476.jpg | D25: 0.71015908 | F25: 0 | G25: 0.94821327 | H25: 0.90473233 | I25: 0 | J25: 0.42887029 | K25: 0.89717984 | N25: 0.79309903 | P25: 0 | Q25: 0.97499177 | R25: 0.94145017 | S25: 0 | T25: 0.53246753 | U25: 0.95979642 | X25: 0.87164305 | AA25: 0.97185 | AB25: 0.95867334 | AD25: 0.68791946 | AE25: 0.93221308 | AF25: =IFERROR(AVERAGE(L25:U25),"") | AG25: =IFERROR(AVERAGE(V25:AE25),"") | AH25: =IFERROR(AVERAGE(B25:K25),"") | AI25: 0.94388199 | AJ25: 0
A26: 6488.jpg | D26: 0.6813027 | F26: 0 | G26: 0.98460698 | H26: 0.89822675 | K26: 0.9675708 | N26: 0.81128809 | P26: 0 | Q26: 0.99078653 | R26: 0.94048395 | U26: 0.98573596 | X26: 0.80960608 | AA26: 0.99370536 | AB26: 0.95236076 | AE26: 0.9813103 | AF26: =IFERROR(AVERAGE(L26:U26),"") | AG26: =IFERROR(AVERAGE(V26:AE26),"") | AH26: =IFERROR(AVERAGE(B26:K26),"") | AI26: 0.98153305 | AJ26: 0
A27: 6514.jpg | D27: 0.7737945 | G27: 0 | H27: 0.97668535 | K27: 0.91642949 | N27: 0.82843435 | Q27: 0 | R27: 0.98903388 | U27: 0.97119544 | X27: 0.9214581 | AB27: 0.98737787 | AE27: 0.94203422 | AF27: =IFERROR(AVERAGE(L27:U27),"") | AG27: =IFERROR(AVERAGE(V27:AE27),"") | AH27: =IFERROR(AVERAGE(B27:K27),"") | AI27: 0.9691925 | AJ27: 0
A28: 6517.jpg | D28: 0.78215419 | G28: 0.55298176 | H28: 0.97394205 | K28: 0.89488512 | N28: 0.88997451 | Q28: 0.67427885 | R28: 0.98482886 | U28: 0.94663505 | X28: 0.86588138 | AA28: 0.75453934 | AB28: 0.98877711 | AE28: 0.9424284 | AF28: =IFERROR(AVERAGE(L28:U28),"") | AG28: =IFERROR(AVERAGE(V28:AE28),"") | AH28: =IFERROR(AVERAGE(B28:K28),"") | AI28: 0.96136856 | AJ28: 0
A29: 6536.jpg | D29: 0 | F29: 0.89136165 | G29: 0.33270844 | H29: 0.87217568 | I29: 0.82802548 | K29: 0.81044983 | N29: 0 | P29: 0.93067431 | Q29: 0.64622461 | R29: 0.90141537 | S29: 0.85997795 | U29: 0.91600924 | Z29: 0.9547548 | AA29: 0.4068042 | AB29: 0.9641421 | AC29: 0.95705521 | AE29: 0.8755106 | AF29: =IFERROR(AVERAGE(L29:U29),"") | AG29: =IFERROR(AVERAGE(V29:AE29),"") | AH29: =IFERROR(AVERAGE(B29:K29),"") | AI29: 0.89777756 | AJ29: 0
A30: 6545.jpg | D30: 0.93676399 | G30: 0.77180287 | H30: 0.97178701 | K30: 0.95111335 | N30: 0.95009817 | Q30: 0.80005173 | R30: 0.99618478 | U30: 0.95914076 | X30: 0.98523923 | AA30: 0.9562529 | AB30: 0.9754173 | AE30: 0.9912772 | AF30: =IFERROR(AVERAGE(L30:U30),"") | AG30: =IFERROR(AVERAGE(V30:AE30),"") | AH30: =IFERROR(AVERAGE(B30:K30),"") | AI30: 0.9793129 | AJ30: 0
A31: 6550.jpg | F31: 0.7162692 | G31: 0.78763146 | H31: 0.79159782 | K31: 0.79911596 | P31: 0.94372189 | Q31: 0.95887093 | R31: 0.82056473 | U31: 0.90861993 | Z31: 0.74822917 | AA31: 0.81517125 | AB31: 0.95730895 | AE31: 0.86895116 | AF31: =IFERROR(AVERAGE(L31:U31),"") | AG31: =IFERROR(AVERAGE(V31:AE31),"") | AH31: =IFERROR(AVERAGE(B31:K31),"") | AI31: 0.88234329 | AJ31: 0
A32: 6553.jpg | D32: 0.71877768 | G32: 0.84517791 | H32: 0.90100458 | J32: 0.6812065 | K32: 0.86379143 | N32: 0.80907278 | Q32: 0.96583713 | R32: 0.9606844 | T32: 0.68791003 | U32: 0.90771558 | X32: 0.8656 | AA32: 0.87122313 | AB32: 0.93549946 | AD32: 0.98589657 | AE32: 0.94695158 | AF32: =IFERROR(AVERAGE(L32:U32),"") | AG32: =IFERROR(AVERAGE(V32:AE32),"") | AH32: =IFERROR(AVERAGE(B32:K32),"") | AI32: 0.93445969 | AJ32: 0
A33: 6557.jpg | D33: 0.87407145 | F33: 0 | G33: 0.90408958 | H33: 0.91076863 | I33: 0.51696284 | J33: 0.85595855 | K33: 0.87670616 | N33: 0.9179049 | P33: 0 | Q33: 0.95172202 | R33: 0.94580329 | S33: 0.92485549 | T33: 0.92238973 | U33: 0.9528274 | X33: 0.94819647 | AA33: 0.94754567 | AB33: 0.96091812 | AC33: 0.53962901 | AD33: 0.92238973 | AE33: 0.91648527 | AF33: =IFERROR(AVERAGE(L33:U33),"") | AG33: =IFERROR(AVERAGE(V33:AE33),"") | AH33: =IFERROR(AVERAGE(B33:K33),"") | AI33: 0.93936539 | AJ33: 0
A34: 6558.jpg | D34: 0.8907221 | F34: 0 | G34: 0.85328836 | H34: 0.90870283 | I34: 0.6512301 | J34: 0.62622761 | K34: 0.85074739 | N34: 0.92792483 | P34: 0 | Q34: 0.92335766 | R34: 0.93436243 | S34: 0.96359743 | T34: 0.74604267 | U34: 0.96415781 | X34: 0.95692762 | AA34: 0.91833031 | AB34: 0.97066527 | AC34: 0.66765579 | AD34: 0.7958884 | AE34: 0.87853202 | AF34: =IFERROR(AVERAGE(L34:U34),"") | AG34: =IFERROR(AVERAGE(V34:AE34),"") | AH34: =IFERROR(AVERAGE(B34:K34),"") | AI34: 0.92551041 | AJ34: 0
A35: 6561.jpg | D35: 0.84701414 | F35: 0.86472862 | G35: 0.62796135 | H35: 0.91228317 | I35: 0.64140969 | J35: 0.62578616 | K35: 0.78400369 | N35: 0.92627207 | P35: 0.9132904 | Q35: 0.88568916 | R35: 0.95378651 | S35: 0.92738854 | T35: 0.97389886 | U35: 0.87382814 | X35: 0.90824754 | Z35: 0.94207182 | AA35: 0.68334464 | AB35: 0.95447331 | AC35: 0.67532468 | AD35: 0.63646055 | AE35: 0.88408387 | AF35: =IFERROR(AVERAGE(L35:U35),"") | AG35: =IFERROR(AVERAGE(V35:AE35),"") | AH35: =IFERROR(AVERAGE(B35:K35),"") | AI35: 0.9236412 | AJ35: 0
A36: 6562.jpg | D36: 0.85555139 | F36: 0.88868797 | G36: 0.59246003 | H36: 0.90488105 | I36: 0.61255116 | J36: 0.85971223 | K36: 0.80728263 | N36: 0.96842217 | P36: 0.91946572 | Q36: 0.99598877 | R36: 0.91947562 | S36: 0.73970346 | T36: 0.95219124 | U36: 0.94198488 | X36: 0.88010401 | Z36: 0.96370104 | AA36: 0.59387706 | AB36: 0.98276118 | AC36: 0.78086957 | AD36: 0.89849624 | AE36: 0.84951996 | AF36: =IFERROR(AVERAGE(L36:U36),"") | AG36: =IFERROR(AVERAGE(V36:AE36),"") | AH36: =IFERROR(AVERAGE(B36:K36),"") | AI36: 0.9280777 | AJ36: 0
A37: 6567.jpg | D37: 0.8794604 | F37: 0.90056338 | H37: 0.96009592 | I37: 0 | K37: 0.9226894 | N37: 0.89882144 | P37: 0.99101054 | R37: 0.98605994 | S37: 0 | U37: 0.9575672 | X37: 0.97609273 | Z37: 0.90798069 | AB37: 0.97330661 | AE37: 0.96202391 | AF37: =IFERROR(AVERAGE(L37:U37),"") | AG37: =IFERROR(AVERAGE(V37:AE37),"") | AH37: =IFERROR(AVERAGE(B37:K37),"") | AI37: 0.96876526 | AJ37: 0
A38: 6568.jpg | D38: 0.89108341 | F38: 0.93144638 | H38: 0.92713044 | I38: 0.74202128 | J38: 0.88023256 | K38: 0.90824024 | N38: 0.91487474 | P38: 0.97951939 | R38: 0.96815841 | S38: 0.77932961 | T38: 0.92204629 | U38: 0.95056995 | X38: 0.97164393 | Z38: 0.94994703 | AB38: 0.95628985 | AC38: 0.93939394 | AD38: 0.95100503 | AE38: 0.95326173 | AF38: =IFERROR(AVERAGE(L38:U38),"") | AG38: =IFERROR(AVERAGE(V38:AE38),"") | AH38: =IFERROR(AVERAGE(B38:K38),"") | AI38: 0.95615768 | AJ38: 0
A39: 6583.jpg | B39: 0 | G39: 0.91269182 | H39: 0.95531832 | K39: 0.97112851 | L39: 0 | Q39: 0.97110915 | R39: 0.9948459 | U39: 0.97952452 | AA39: 0.93816576 | AB39: 0.96007001 | AE39: 0.99125087 | AF39: =IFERROR(AVERAGE(L39:U39),"") | AG39: =IFERROR(AVERAGE(V39:AE39),"") | AH39: =IFERROR(AVERAGE(B39:K39),"") | AI39: 0.97634888 | AJ39: 0
A40: 6590.jpg | G40: 0.8580816 | I40: 0 | K40: 0.97464015 | Q40: 0.9105926 | S40: 0 | U40: 0.98971168 | AA40: 0.93702764 | AE40: 0.98461593 | AF40: =IFERROR(AVERAGE(L40:U40),"") | AG40: =IFERROR(AVERAGE(V40:AE40),"") | AH40: =IFERROR(AVERAGE(B40:K40),"") | AI40: 0.97796249 | AJ40: 0
A41: 6593.jpg | E41: 0 | G41: 0.2015201 | H41: 0.71709937 | K41: 0.97672985 | O41: 0 | Q41: 0.88621632 | R41: 0.86221744 | U41: 0.98881347 | AA41: 0.20687266 | AB41: 0.809909 | AE41: 0.98764314 | AF41: =IFERROR(AVERAGE(L41:U41),"") | AG41: =IFERROR(AVERAGE(V41:AE41),"") | AH41: =IFERROR(AVERAGE(B41:K41),"") | AI41: 0.82292175 | AJ41: 0
A42: 6594.jpg | D42: 0 | F42: 0.18404756 | H42: 0 | K42: 0.9658264 | N42: 0 | P42: 1 | U42: 0.96583381 | Z42: 0.18404756 | AB42: 0 | AE42: 0.99999205 | AF42: =IFERROR(AVERAGE(L42:U42),"") | AG42: =IFERROR(AVERAGE(V42:AE42),"") | AH42: =IFERROR(AVERAGE(B42:K42),"") | AI42: 0.96562958 | AJ42: 0
A43: 6602.jpg | E43: 0.96374955 | H43: 0.19743089 | I43: 0 | K43: 0.9469515 | O43: 0.96485495 | R43: 0.34597504 | S43: 0 | U43: 0.98080162 | Y43: 0.99881266 | AB43: 0.3149922 | AE43: 0.96483549 | AF43: =IFERROR(AVERAGE(L43:U43),"") | AG43: =IFERROR(AVERAGE(V43:AE43),"") | AH43: =IFERROR(AVERAGE(B43:K43),"") | AI43: 0.96527863 | AJ43: 0
A44: 6619.jpg | F44: 0.9073487 | G44: 0.85420926 | H44: 0.86209265 | K44: 0.97800929 | P44: 0.91539468 | Q44: 0.91253561 | R44: 0.97225938 | U44: 0.9884911 | Z44: 0.99040579 | AA44: 0.93038342 | AB44: 0.88383257 | AE44: 0.98927402 | AF44: =IFERROR(AVERAGE(L44:U44),"") | AG44: =IFERROR(AVERAGE(V44:AE44),"") | AH44: =IFERROR(AVERAGE(B44:K44),"") | AI44: 0.98072433 | AJ44: 0
A45: 6624.jpg | B45: 0.83760684 | F45: 0.91640058 | G45: 0 | H45: 0.91217756 | K45: 0.90199661 | L45: 0.84114155 | P45: 0.92632105 | Q45: 0 | R45: 0.94065934 | U45: 0.99304445 | V45: 0.99500804 | Z45: 0.98844847 | AB45: 0.96787274 | AE45: 0.9077315 | AF45: =IFERROR(AVERAGE(L45:U45),"") | AG45: =IFERROR(AVERAGE(V45:AE45),"") | AH45: =IFERROR(AVERAGE(B45:K45),"") | AI45: 0.94562531 | AJ45: 0
A46: 6632.jpg | B46: 0.7418926 | F46: 0.88634561 | G46: 0 | H46: 0.89754188 | K46: 0.94465004 | L46: 0.74671446 | P46: 0.93391318 | Q46: 0 | R46: 0.92110675 | U46: 0.99040078 | V46: 0.99137111 | Z46: 0.94565803 | AB46: 0.9722863 | AE46: 0.95337898 | AF46: =IFERROR(AVERAGE(L46:U46),"") | AG46: =IFERROR(AVERAGE(V46:AE46),"") | AH46: =IFERROR(AVERAGE(B46:K46),"") | AI46: 0.95702362 | AJ46: 0
A47: 6638.jpg | D47: 0.80225229 | F47: 0.60557533 | H47: 0.775455 | K47: 0.96638704 | N47: 0.88282623 | P47: 0.66384915 | R47: 0.84445441 | U47: 0.98881777 | X47: 0.89785553 | Z47: 0.87339607 | AB47: 0.90467533 | AE47: 0.97706497 | AF47: =IFERROR(AVERAGE(L47:U47),"") | AG47: =IFERROR(AVERAGE(V47:AE47),"") | AH47: =IFERROR(AVERAGE(B47:K47),"") | AI47: 0.96533966 | AJ47: 0
A48: 6659.jpg | D48: 0.87158278 | F48: 0.74469729 | H48: 0.81658091 | I48: 0.38065844 | K48: 0.90555837 | N48: 0.92288154 | P48: 0.82289484 | R48: 0.89771141 | S48: 0.41019956 | U48: 0.95739681 | X48: 0.94004818 | Z48: 0.88683506 | AB48: 0.90035368 | AC48: 0.84090909 | AE48: 0.94358133 | AF48: =IFERROR(AVERAGE(L48:U48),"") | AG48: =IFERROR(AVERAGE(V48:AE48),"") | AH48: =IFERROR(AVERAGE(B48:K48),"") | AI48: 0.9332695 | AJ48: 0
A49: 6663.jpg | D49: 0.79734799 | F49: 0.76317664 | H49: 0.80440962 | K49: 0.89171964 | N49: 0.96267083 | P49: 0.81143506 | R49: 0.9083578 | U49: 0.92966136 | X49: 0.82278734 | Z49: 0.92770563 | AB49: 0.87545746 | AE49: 0.95623484 | AF49: =IFERROR(AVERAGE(L49:U49),"") | AG49: =IFERROR(AVERAGE(V49:AE49),"") | AH49: =IFERROR(AVERAGE(B49:K49),"") | AI49: 0.92385483 | AJ49: 0
A50: 6671.jpg | F50: 0 | H50: 0.87488533 | K50: 0.89286206 | P50: 0 | R50: 0.95632464 | U50: 0.92398703 | Z50: 0 | AB50: 0.91129714 | AE50: 0.96364407 | AF50: =IFERROR(AVERAGE(L50:U50),"") | AG50: =IFERROR(AVERAGE(V50:AE50),"") | AH50: =IFERROR(AVERAGE(B50:K50),"") | AI50: 0.93472672 | AJ50: 0
A51: 6672.jpg | F51: 0.09453303 | H51: 0.8348267 | K51: 0.88267983 | P51: 0.34297521 | R51: 0.86891701 | U51: 0.96459871 | Z51: 0.11543811 | AB51: 0.95511394 | AE51: 0.9122314 | AF51: =IFERROR(AVERAGE(L51:U51),"") | AG51: =IFERROR(AVERAGE(V51:AE51),"") | AH51: =IFERROR(AVERAGE(B51:K51),"") | AI51: 0.92396164 | AJ51: 0
A52: 6677.jpg | F52: 0 | H52: 0.79882661 | K52: 0.86403442 | P52: 0 | R52: 0.91034442 | U52: 0.9127429 | AB52: 0.86703892 | AE52: 0.94183019 | AF52: =IFERROR(AVERAGE(L52:U52),"") | AG52: =IFERROR(AVERAGE(V52:AE52),"") | AH52: =IFERROR(AVERAGE(B52:K52),"") | AI52: 0.91163254 | AJ52: 0
A53: 6679.jpg | H53: 0.88896661 | K53: 0.78265687 | R53: 0.973931 | U53: 0.82089176 | AB53: 0.91063497 | AE53: 0.94383099 | AF53: =IFERROR(AVERAGE(L53:U53),"") | AG53: =IFERROR(AVERAGE(V53:AE53),"") | AH53: =IFERROR(AVERAGE(B53:K53),"") | AI53: 0.920681 | AJ53: 0
A54: 6680.jpg | H54: 0.84294211 | K54: 0.55818051 | R54: 0.9407257 | U54: 0.65622921 | AB54: 0.89022465 | AE54: 0.78884426 | AF54: =IFERROR(AVERAGE(L54:U54),"") | AG54: =IFERROR(AVERAGE(V54:AE54),"") | AH54: =IFERROR(AVERAGE(B54:K54),"") | AI54: 0.86894608 | AJ54: 0
A55: 6688.jpg | F55: 0 | H55: 0.85974671 | K55: 0.94068505 | P55: 0 | R55: 0.90936094 | U55: 0.97881354 | AB55: 0.94032694 | AE55: 0.9602366 | AF55: =IFERROR(AVERAGE(L55:U55),"") | AG55: =IFERROR(AVERAGE(V55:AE55),"") | AH55: =IFERROR(AVERAGE(B55:K55),"") | AI55: 0.95509338 | AJ55: 0
A56: 6691.jpg | C56: 0 | D56: 0.88225484 | E56: 0.16431975 | F56: 0.7253828 | G56: 0.89727805 | H56: 0.43469903 | I56: 0.48573163 | J56: 0.023454158 | K56: 0.65685669 | M56: 0 | N56: 0.95856487 | O56: 0.49238579 | P56: 0.8697664 | Q56: 0.93574825 | R56: 0.86945029 | S56: 0.6932409 | T56: 0.038461538 | U56: 0.71590314 | X56: 0.917235 | Y56: 0.19783301 | Z56: 0.81376999 | AA56: 0.9561891 | AB56: 0.4650535 | AC56: 0.61871616 | AD56: 0.056701031 | AE56: 0.88844262 | AF56: =IFERROR(AVERAGE(L56:U56),"") | AG56: =IFERROR(AVERAGE(V56:AE56),"") | AH56: =IFERROR(AVERAGE(B56:K56),"") | AI56: 0.84301376 | AJ56: 0
A57: 6695.jpg | C57: 0.1418378 | D57: 0.073272273 | E57: 0.29416959 | F57: 0 | G57: 0.82725095 | H57: 0.77517108 | I57: 0.5047081 | K57: 0.61889049 | M57: 0.15839596 | N57: 0.44268775 | O57: 0.8407429 | P57: 0 | Q57: 0.86947415 | R57: 0.93058153 | S57: 0.64423077 | U57: 0.76367396 | W57: 0.57570049 | X57: 0.080718076 | Y57: 0.31152887 | AA57: 0.94455234 | AB57: 0.82274669 | AC57: 0.6997389 | AE57: 0.7655002 | AF57: =IFERROR(AVERAGE(L57:U57),"") | AG57: =IFERROR(AVERAGE(V57:AE57),"") | AH57: =IFERROR(AVERAGE(B57:K57),"") | AI57: 0.72076797 | AJ57: 0
A58: 6700.jpg | B58: 0 | C58: 0.25074572 | D58: 0 | E58: 0.70109361 | G58: 0.58167449 | H58: 0.60935887 | I58: 0.56599424 | J58: 0.81027858 | K58: 0.65505482 | L58: 0 | M58: 0.25315439 | N58: 0 | O58: 0.75874404 | Q58: 0.96659279 | R58: 0.84206058 | S58: 0.71994135 | T58: 0.89353814 | U58: 0.7500865 | W58: 0.96344187 | X58: 0 | Y58: 0.90222129 | AA58: 0.59360823 | AB58: 0.68799162 | AC58: 0.72579453 | AD58: 0.89686337 | AE58: 0.83793484 | AF58: =IFERROR(AVERAGE(L58:U58),"") | AG58: =IFERROR(AVERAGE(V58:AE58),"") | AH58: =IFERROR(AVERAGE(B58:K58),"") | AI58: 0.65810394 | AJ58: 0
A59: 6717.jpg | C59: 0.22642403 | D59: 0 | E59: 0.50405519 | G59: 0 | H59: 0.78086046 | I59: 0.49455155 | J59: 0.74169226 | K59: 0.58591322 | M59: 0.22794851 | N59: 0 | O59: 0.87402703 | Q59: 0 | R59: 0.87503522 | S59: 0.65265487 | T59: 0.8014484 | U59: 0.70002977 | W59: 0.97131072 | X59: 0 | Y59: 0.54354314 | AB59: 0.87886792 | AC59: 0.67121729 | AD59: 0.90865549 | AE59: 0.78233383 | AF59: =IFERROR(AVERAGE(L59:U59),"") | AG59: =IFERROR(AVERAGE(V59:AE59),"") | AH59: =IFERROR(AVERAGE(B59:K59),"") | AI59: 0.61569977 | AJ59: 0
A60: 6718.jpg | D60: 0.81836206 | F60: 0.21977186 | G60: 0.96526872 | H60: 0.81368942 | I60: 0 | K60: 0.81765366 | N60: 0.84225396 | P60: 0.72069825 | Q60: 0.98259908 | R60: 0.90488938 | S60: 0 | U60: 0.89370582 | X60: 0.96649856 | Z60: 0.24023275 | AA60: 0.98205601 | AB60: 0.88978842 | AC60: 0 | AE60: 0.90573534 | AF60: =IFERROR(AVERAGE(L60:U60),"") | AG60: =IFERROR(AVERAGE(V60:AE60),"") | AH60: =IFERROR(AVERAGE(B60:K60),"") | AI60: 0.92261124 | AJ60: 0
A61: 6733.jpg | D61: 0.8325 | G61: 0.9779525 | H61: 0.64759706 | J61: 0.64583333 | K61: 0.85469613 | N61: 0.8671875 | Q61: 0.99146812 | R61: 0.83753356 | T61: 0.85970636 | U61: 0.90424122 | X61: 0.95415473 | AA61: 0.98625238 | AB61: 0.74063757 | AD61: 0.72191781 | AE61: 0.93975523 | AF61: =IFERROR(AVERAGE(L61:U61),"") | AG61: =IFERROR(AVERAGE(V61:AE61),"") | AH61: =IFERROR(AVERAGE(B61:K61),"") | AI61: 0.92429733 | AJ61: 0
A62: 6744.jpg | D62: 0.82192543 | G62: 0.87187969 | H62: 0.44969163 | J62: 0 | K62: 0.8818735 | N62: 0.85972061 | Q62: 0.91408547 | R62: 0.7244324 | T62: 0 | U62: 0.92335376 | X62: 0.94922879 | AA62: 0.94970583 | AB62: 0.54248909 | AE62: 0.95152825 | AF62: =IFERROR(AVERAGE(L62:U62),"") | AG62: =IFERROR(AVERAGE(V62:AE62),"") | AH62: =IFERROR(AVERAGE(B62:K62),"") | AI62: 0.90011597 | AJ62: 0
A63: 6751.jpg | D63: 0.64105642 | F63: 0 | G63: 0.83433496 | H63: 0.53216666 | K63: 0.85290675 | N63: 0.67381703 | Q63: 0.87835201 | R63: 0.81982155 | U63: 0.89958662 | X63: 0.92950392 | Z63: 0 | AA63: 0.94333956 | AB63: 0.60265181 | AE63: 0.94264974 | AF63: =IFERROR(AVERAGE(L63:U63),"") | AG63: =IFERROR(AVERAGE(V63:AE63),"") | AH63: =IFERROR(AVERAGE(B63:K63),"") | AI63: 0.87771988 | AJ63: 0
A64: 6761.jpg | D64: 0.67601683 | G64: 0.89742132 | H64: 0.78725518 | J64: 0.4341637 | K64: 0.86111616 | N64: 0.76352116 | Q64: 0.90803212 | R64: 0.94801558 | T64: 0.66666667 | U64: 0.91244889 | X64: 0.85504308 | AA64: 0.98714619 | AB64: 0.82277359 | AD64: 0.55454545 | AE64: 0.93867477 | AF64: =IFERROR(AVERAGE(L64:U64),"") | AG64: =IFERROR(AVERAGE(V64:AE64),"") | AH64: =IFERROR(AVERAGE(B64:K64),"") | AI64: 0.91754532 | AJ64: 0
A65: 6765.jpg | D65: 0.72895419 | F65: 0.24675325 | G65: 0.970537 | H65: 0.87930042 | J65: 0.56531049 | K65: 0.82182917 | N65: 0.84255744 | P65: 0.60638298 | Q65: 0.97323246 | R65: 0.93678355 | T65: 0.79041916 | U65: 0.90905445 | X65: 0.84390634 | Z65: 0.29381443 | AA65: 0.99715445 | AB65: 0.93476701 | AD65: 0.66498741 | AE65: 0.89545253 | AF65: =IFERROR(AVERAGE(L65:U65),"") | AG65: =IFERROR(AVERAGE(V65:AE65),"") | AH65: =IFERROR(AVERAGE(B65:K65),"") | AI65: 0.93668365 | AJ65: 0
A66: 6768.jpg | D66: 0.77421384 | F66: 0 | G66: 0.98714843 | H66: 0.88902321 | I66: 0 | J66: 0.46907216 | K66: 0.79340907 | N66: 0.90018282 | Q66: 0.99049686 | R66: 0.91759674 | T66: 0.88349515 | U66: 0.9171355 | X66: 0.84692122 | Z66: 0 | AA66: 0.99658713 | AB66: 0.96615867 | AC66: 0 | AD66: 0.5 | AE66: 0.85467715 | AF66: =IFERROR(AVERAGE(L66:U66),"") | AG66: =IFERROR(AVERAGE(V66:AE66),"") | AH66: =IFERROR(AVERAGE(B66:K66),"") | AI66: 0.93735123 | AJ66: 0
A67: 6771.jpg | D67: 0.64116907 | F67: 0 | G67: 0.97736147 | H67: 0.92937486 | J67: 0.57818182 | K67: 0.79983856 | N67: 0.69176222 | Q67: 0.9848919 | R67: 0.95136928 | T67: 0.76811594 | U67: 0.91892078 | X67: 0.89761159 | Z67: 0 | AA67: 0.99223768 | AB67: 0.97572824 | AD67: 0.70044053 | AE67: 0.86057097 | AF67: =IFERROR(AVERAGE(L67:U67),"") | AG67: =IFERROR(AVERAGE(V67:AE67),"") | AH67: =IFERROR(AVERAGE(B67:K67),"") | AI67: 0.9466362 | AJ67: 0
A68: 6774.jpg | D68: 0.77857516 | F68: 0.48566085 | G68: 0.98650328 | H68: 0.94312535 | J68: 0.50830565 | K68: 0.84937148 | N68: 0.82235391 | P68: 0.93742479 | Q68: 0.98888189 | R68: 0.96984828 | T68: 0.61693548 | U68: 0.92685317 | X68: 0.936 | Z68: 0.50193299 | AA68: 0.99756767 | AB68: 0.97161397 | AD68: 0.74271845 | AE68: 0.91039724 | AF68: =IFERROR(AVERAGE(L68:U68),"") | AG68: =IFERROR(AVERAGE(V68:AE68),"") | AH68: =IFERROR(AVERAGE(B68:K68),"") | AI68: 0.9610405 | AJ68: 0
A69: 6775.jpg | D69: 0.78292473 | F69: 0.5266124 | G69: 0.98610779 | H69: 0.94117892 | J69: 0.43417367 | K69: 0.85314811 | N69: 0.82844479 | P69: 0.90139335 | Q69: 0.98908689 | R69: 0.96476523 | T69: 0.53633218 | U69: 0.9369863 | X69: 0.93442141 | Z69: 0.55880399 | AA69: 0.9969549 | AB69: 0.97468202 | AD69: 0.69506726 | AE69: 0.90507733 | AF69: =IFERROR(AVERAGE(L69:U69),"") | AG69: =IFERROR(AVERAGE(V69:AE69),"") | AH69: =IFERROR(AVERAGE(B69:K69),"") | AI69: 0.96059036 | AJ69: 0
A70: 6778.jpg | D70: 0.82200991 | F70: 0.55029155 | G70: 0.98706043 | H70: 0.94267003 | J70: 0.40384615 | K70: 0.85862667 | N70: 0.85050037 | P70: 0.83425414 | Q70: 0.99309351 | R70: 0.96930049 | T70: 0.55506608 | U70: 0.93150707 | X70: 0.96084379 | Z70: 0.61783961 | AA70: 0.99388297 | AB70: 0.9716806 | AD70: 0.5971564 | AE70: 0.91648833 | AF70: =IFERROR(AVERAGE(L70:U70),"") | AG70: =IFERROR(AVERAGE(V70:AE70),"") | AH70: =IFERROR(AVERAGE(B70:K70),"") | AI70: 0.96232986 | AJ70: 0
A71: 6780.jpg | D71: 0.80812776 | F71: 0 | G71: 0.97889964 | H71: 0.93895566 | J71: 0.45508982 | K71: 0.85019868 | N71: 0.86757932 | Q71: 0.98824177 | R71: 0.96086481 | T71: 0.56716418 | U71: 0.93692832 | X71: 0.92183252 | Z71: 0 | AA71: 0.99043532 | AB71: 0.97629184 | AD71: 0.69724771 | AE71: 0.90181234 | AF71: =IFERROR(AVERAGE(L71:U71),"") | AG71: =IFERROR(AVERAGE(V71:AE71),"") | AH71: =IFERROR(AVERAGE(B71:K71),"") | AI71: 0.95983124 | AJ71: 0
A72: 6785.jpg | D72: 0.82916317 | F72: 0.75206612 | G72: 0.97881748 | H72: 0.95030744 | K72: 0.90044977 | N72: 0.89656958 | P72: 0.88349515 | Q72: 0.98868093 | R72: 0.9785592 | U72: 0.94296217 | X72: 0.91686524 | Z72: 0.83486239 | AA72: 0.98991056 | AB72: 0.97051531 | AE72: 0.95231911 | AF72: =IFERROR(AVERAGE(L72:U72),"") | AG72: =IFERROR(AVERAGE(V72:AE72),"") | AH72: =IFERROR(AVERAGE(B72:K72),"") | AI72: 0.96889496 | AJ72: 0
A73: 6786.jpg | D73: 0.82604651 | F73: 0.53125 | G73: 0.97706162 | H73: 0.95420051 | J73: 0 | K73: 0.90294862 | N73: 0.89156627 | P73: 0.60334029 | Q73: 0.99001435 | R73: 0.97382618 | U73: 0.95470219 | X73: 0.91830403 | Z73: 0.81638418 | AA73: 0.98678641 | AB73: 0.97931639 | AD73: 0 | AE73: 0.94336448 | AF73: =IFERROR(AVERAGE(L73:U73),"") | AG73: =IFERROR(AVERAGE(V73:AE73),"") | AH73: =IFERROR(AVERAGE(B73:K73),"") | AI73: 0.96917725 | AJ73: 0
A74: 6794.jpg | D74: 0.81243263 | F74: 0.71165976 | H74: 0.86598039 | I74: 0.896 | K74: 0.89930162 | N74: 0.94800839 | P74: 0.83360699 | R74: 0.9098629 | S74: 0.90322581 | U74: 0.95372668 | X74: 0.85031967 | Z74: 0.82949018 | AB74: 0.94724429 | AC74: 0.99115044 | AE74: 0.9403308 | AF74: =IFERROR(AVERAGE(L74:U74),"") | AG74: =IFERROR(AVERAGE(V74:AE74),"") | AH74: =IFERROR(AVERAGE(B74:K74),"") | AI74: 0.92985153 | AJ74: 0
A75: 6795.jpg | D75: 0.92264316 | F75: 0.80996704 | H75: 0.87864406 | I75: 0.8374761 | J75: 0.80954274 | K75: 0.88900288 | N75: 0.97444348 | P75: 0.83828685 | R75: 0.91650504 | S75: 0.84069098 | T75: 0.93609195 | U75: 0.9630675 | X75: 0.94552289 | Z75: 0.95996094 | AB75: 0.95509541 | AC75: 0.99545455 | AD75: 0.85690236 | AE75: 0.9203807 | AF75: =IFERROR(AVERAGE(L75:U75),"") | AG75: =IFERROR(AVERAGE(V75:AE75),"") | AH75: =IFERROR(AVERAGE(B75:K75),"") | AI75: 0.93518448 | AJ75: 0
A76: 6796.jpg | D76: 0.90424014 | F76: 0.16394503 | H76: 0.93294567 | I76: 0.54875717 | J76: 0.8578884 | K76: 0.89967676 | N76: 0.9369812 | P76: 0.17280164 | R76: 0.96481488 | S76: 0.56054688 | T76: 0.91363831 | U76: 0.96806138 | X76: 0.96279412 | Z76: 0.76183321 | AB76: 0.96580517 | AC76: 0.96308725 | AD76: 0.93359546 | AE76: 0.92719828 | AF76: =IFERROR(AVERAGE(L76:U76),"") | AG76: =IFERROR(AVERAGE(V76:AE76),"") | AH76: =IFERROR(AVERAGE(B76:K76),"") | AI76: 0.94515228 | AJ76: 0
A77: 6809.jpg | H77: 0.90130569 | K77: 0.96290225 | R77: 0.92617103 | U77: 0.98962833 | AB77: 0.97107432 | AE77: 0.9727185 | AF77: =IFERROR(AVERAGE(L77:U77),"") | AG77: =IFERROR(AVERAGE(V77:AE77),"") | AH77: =IFERROR(AVERAGE(B77:K77),"") | AI77: 0.97229004 | AJ77: 0
A78: 6815.jpg | D78: 0.55211558 | H78: 0.97372543 | J78: 0.57432922 | K78: 0.8995946 | N78: 0.92480553 | R78: 0.98934067 | T78: 0.70150576 | U78: 0.93136508 | X78: 0.57806591 | AB78: 0.98404918 | AD78: 0.76007678 | AE78: 0.96346631 | AF78: =IFERROR(AVERAGE(L78:U78),"") | AG78: =IFERROR(AVERAGE(V78:AE78),"") | AH78: =IFERROR(AVERAGE(B78:K78),"") | AI78: 0.97214508 | AJ78: 0
A79: 6825.jpg | D79: 0.93711769 | F79: 0.89110335 | H79: 0.90769406 | I79: 0.083333333 | K79: 0.91527174 | N79: 0.97554763 | P79: 0.9252988 | R79: 0.96074806 | S79: 1 | U79: 0.95415171 | X79: 0.95965923 | Z79: 0.96017915 | AB79: 0.94265172 | AC79: 0.083333333 | AE79: 0.95737724 | AF79: =IFERROR(AVERAGE(L79:U79),"") | AG79: =IFERROR(AVERAGE(V79:AE79),"") | AH79: =IFERROR(AVERAGE(B79:K79),"") | AI79: 0.95333481 | AJ79: 0
A80: 6827.jpg | F80: 0.87592593 | H80: 0.93059091 | K80: 0.94780244 | P80: 0.98894863 | R80: 0.94722403 | U80: 0.9687522 | Z80: 0.88458456 | AB80: 0.98147989 | AE80: 0.97769251 | AF80: =IFERROR(AVERAGE(L80:U80),"") | AG80: =IFERROR(AVERAGE(V80:AE80),"") | AH80: =IFERROR(AVERAGE(B80:K80),"") | AI80: 0.96540451 | AJ80: 0
A81: 6831.jpg | D81: 0.85571287 | F81: 0.80790802 | H81: 0.85676783 | I81: 0.72381262 | J81: 0.86586285 | K81: 0.80426135 | N81: 0.93562788 | P81: 0.82492126 | R81: 0.91820891 | S81: 0.80411999 | T81: 0.93376676 | U81: 0.91925137 | X81: 0.90924358 | Z81: 0.97510769 | AB81: 0.92755726 | AC81: 0.87875197 | AD81: 0.92252108 | AE81: 0.86539987 | AF81: =IFERROR(AVERAGE(L81:U81),"") | AG81: =IFERROR(AVERAGE(V81:AE81),"") | AH81: =IFERROR(AVERAGE(B81:K81),"") | AI81: 0.90661621 | AJ81: 0
A82: 6844.jpg | D82: 0.91317084 | F82: 0.85936026 | H82: 0.84893171 | I82: 0 | J82: 0.4696449 | K82: 0.8760842 | N82: 0.940362 | P82: 0.88552473 | R82: 0.94931135 | S82: 0 | T82: 0.9225 | U82: 0.95045321 | X82: 0.96930683 | Z82: 0.96676047 | AB82: 0.88923995 | AD82: 0.488936 | AE82: 0.91800966 | AF82: =IFERROR(AVERAGE(L82:U82),"") | AG82: =IFERROR(AVERAGE(V82:AE82),"") | AH82: =IFERROR(AVERAGE(B82:K82),"") | AI82: 0.92116928 | AJ82: 0
A83: 6850.jpg | D83: 0.8484356 | H83: 0.95949558 | K83: 0.95130122 | N83: 0.95386021 | R83: 0.97732613 | U83: 0.97666304 | X83: 0.88474576 | AB83: 0.98134041 | AE83: 0.97342817 | AF83: =IFERROR(AVERAGE(L83:U83),"") | AG83: =IFERROR(AVERAGE(V83:AE83),"") | AH83: =IFERROR(AVERAGE(B83:K83),"") | AI83: 0.97682571 | AJ83: 0
A84: 6856.jpg | D84: 0.93366244 | F84: 0.70660622 | H84: 0.89837953 | I84: 0.60856865 | J84: 0.69826435 | K84: 0.90737178 | N84: 0.95397849 | P84: 0.9332763 | R84: 0.94197428 | S84: 0.80231065 | T84: 0.73870056 | U84: 0.95631084 | X84: 0.97769941 | Z84: 0.74420191 | AB84: 0.95100861 | AC84: 0.71592211 | AD84: 0.92730496 | AE84: 0.94661205 | AF84: =IFERROR(AVERAGE(L84:U84),"") | AG84: =IFERROR(AVERAGE(V84:AE84),"") | AH84: =IFERROR(AVERAGE(B84:K84),"") | AI84: 0.94976425 | AJ84: 0
A85: 6893.jpg | D85: 0.93020419 | F85: 0.7557293 | H85: 0.89150334 | I85: 0.79623288 | K85: 0.87361541 | N85: 0.9545034 | P85: 0.78593246 | R85: 0.93706907 | S85: 0.84392015 | U85: 0.95633917 | X85: 0.97336145 | Z85: 0.95160954 | AB85: 0.94827754 | AC85: 0.93373494 | AE85: 0.90990624 | AF85: =IFERROR(AVERAGE(L85:U85),"") | AG85: =IFERROR(AVERAGE(V85:AE85),"") | AH85: =IFERROR(AVERAGE(B85:K85),"") | AI85: 0.93390656 | AJ85: 0
A86: 6895.jpg | D86: 0.93311989 | F86: 0.76856489 | H86: 0.89583937 | I86: 0.76299113 | K86: 0.87491077 | N86: 0.95859103 | P86: 0.82894298 | R86: 0.93194954 | S86: 0.79787939 | U86: 0.95607581 | X86: 0.97231252 | Z86: 0.91343327 | AB86: 0.9585411 | AC86: 0.94579733 | AE86: 0.91155082 | AF86: =IFERROR(AVERAGE(L86:U86),"") | AG86: =IFERROR(AVERAGE(V86:AE86),"") | AH86: =IFERROR(AVERAGE(B86:K86),"") | AI86: 0.93845749 | AJ86: 0
A87: 6896.jpg | D87: 0.88981027 | F87: 0.73516073 | H87: 0.92928597 | I87: 0.79609756 | K87: 0.86740033 | N87: 0.92400737 | P87: 0.80890878 | R87: 0.96016619 | S87: 0.81355932 | U87: 0.94639618 | X87: 0.96006824 | Z87: 0.88966909 | AB87: 0.96654905 | AC87: 0.97374702 | AE87: 0.9122171 | AF87: =IFERROR(AVERAGE(L87:U87),"") | AG87: =IFERROR(AVERAGE(V87:AE87),"") | AH87: =IFERROR(AVERAGE(B87:K87),"") | AI87: 0.94290543 | AJ87: 0
A88: 6898.jpg | D88: 0.91545089 | F88: 0.67836676 | H88: 0.9339309 | I88: 0.81353265 | K88: 0.88113217 | N88: 0.95075622 | P88: 0.70710019 | R88: 0.97065398 | S88: 0.9086116 | U88: 0.95088252 | X88: 0.9610177 | Z88: 0.94348338 | AB88: 0.96106736 | AC88: 0.88603256 | AE88: 0.92314888 | AF88: =IFERROR(AVERAGE(L88:U88),"") | AG88: =IFERROR(AVERAGE(V88:AE88),"") | AH88: =IFERROR(AVERAGE(B88:K88),"") | AI88: 0.94544983 | AJ88: 0
A89: 6905.jpg | D89: 0.90545793 | F89: 0.78532059 | H89: 0.92467965 | I89: 0.7207113 | K89: 0.90546954 | N89: 0.95128989 | P89: 0.82389108 | R89: 0.94002075 | S89: 0.76555556 | U89: 0.97317472 | X89: 0.94947893 | Z89: 0.94374109 | AB89: 0.98265678 | AC89: 0.92483221 | AE89: 0.92864766 | AF89: =IFERROR(AVERAGE(L89:U89),"") | AG89: =IFERROR(AVERAGE(V89:AE89),"") | AH89: =IFERROR(AVERAGE(B89:K89),"") | AI89: 0.95005417 | AJ89: 0
A90: 6906.jpg | D90: 0.92211657 | F90: 0.74250581 | H90: 0.91777923 | I90: 0.72526461 | K90: 0.90644826 | N90: 0.96314646 | P90: 0.77886158 | R90: 0.98012492 | S90: 0.73851921 | U90: 0.94823795 | X90: 0.95584211 | Z90: 0.94085271 | AB90: 0.93518377 | AC90: 0.97585139 | AE90: 0.95363493 | AF90: =IFERROR(AVERAGE(L90:U90),"") | AG90: =IFERROR(AVERAGE(V90:AE90),"") | AH90: =IFERROR(AVERAGE(B90:K90),"") | AI90: 0.94799042 | AJ90: 0
A91: 6907.jpg | D91: 0.89195753 | F91: 0.73870823 | H91: 0.92555924 | I91: 0.85514019 | K91: 0.90276018 | N91: 0.92659689 | P91: 0.75021086 | R91: 0.94542766 | S91: 0.89365165 | U91: 0.97874386 | X91: 0.95977427 | Z91: 0.97966619 | AB91: 0.97779861 | AC91: 0.95202312 | AE91: 0.9208136 | AF91: =IFERROR(AVERAGE(L91:U91),"") | AG91: =IFERROR(AVERAGE(V91:AE91),"") | AH91: =IFERROR(AVERAGE(B91:K91),"") | AI91: 0.94664001 | AJ91: 0
A92: 6910.jpg | D92: 0.87566785 | F92: 0.73110392 | G92: 0.69794971 | H92: 0.91150137 | I92: 0.8036036 | K92: 0.8725539 | N92: 0.96606621 | P92: 0.82121953 | Q92: 0.9933928 | R92: 0.94355536 | S92: 0.86770428 | U92: 0.92440754 | X92: 0.9034568 | Z92: 0.86949458 | AA92: 0.70120482 | AB92: 0.9640693 | AC92: 0.91581109 | AE92: 0.93959614 | AF92: =IFERROR(AVERAGE(L92:U92),"") | AG92: =IFERROR(AVERAGE(V92:AE92),"") | AH92: =IFERROR(AVERAGE(B92:K92),"") | AI92: 0.92988586 | AJ92: 0
A93: 6912.jpg | D93: 0.58343126 | F93: 0.76891455 | H93: 0.9311161 | K93: 0.86423872 | N93: 0.58896797 | P93: 0.82204975 | R93: 0.95571903 | U93: 0.95224613 | X93: 0.98414272 | Z93: 0.9224554 | AB93: 0.97309651 | AE93: 0.90339211 | AF93: =IFERROR(AVERAGE(L93:U93),"") | AG93: =IFERROR(AVERAGE(V93:AE93),"") | AH93: =IFERROR(AVERAGE(B93:K93),"") | AI93: 0.94674683 | AJ93: 0
A94: 6915.jpg | B94: 0 | D94: 0 | F94: 0 | H94: 0.97032639 | K94: 0.90166645 | N94: 0 | P94: 0 | R94: 0.97313118 | U94: 0.97708406 | V94: 0 | AB94: 0.99703843 | AE94: 0.92114605 | AF94: =IFERROR(AVERAGE(L94:U94),"") | AG94: =IFERROR(AVERAGE(V94:AE94),"") | AH94: =IFERROR(AVERAGE(B94:K94),"") | AI94: 0.93149948 | AJ94: 0
A95: 6920.jpg | B95: 0 | D95: 0 | F95: 0.20343242 | G95: 0.7443558 | H95: 0.90885643 | K95: 0.93886189 | N95: 0 | P95: 0.23462463 | Q95: 0.95253611 | R95: 0.93489868 | U95: 0.95728398 | V95: 0 | Z95: 0.60477405 | AA95: 0.77302777 | AB95: 0.97026227 | AE95: 0.97991441 | AF95: =IFERROR(AVERAGE(L95:U95),"") | AG95: =IFERROR(AVERAGE(V95:AE95),"") | AH95: =IFERROR(AVERAGE(B95:K95),"") | AI95: 0.91107559 | AJ95: 0
A96: 6927.jpg | D96: 0.60479896 | F96: 0.93708459 | H96: 0.86375338 | I96: 0.46863469 | K96: 0.78732066 | N96: 0.60954248 | P96: 0.94981889 | R96: 0.8720217 | S96: 0.87642873 | U96: 0.96897028 | X96: 0.98729621 | Z96: 0.98589458 | AB96: 0.98914178 | AC96: 0.50179034 | AE96: 0.80768455 | AF96: =IFERROR(AVERAGE(L96:U96),"") | AG96: =IFERROR(AVERAGE(V96:AE96),"") | AH96: =IFERROR(AVERAGE(B96:K96),"") | AI96: 0.92443466 | AJ96: 0
A97: 6951.jpg | D97: 0.95149786 | F97: 0.87448757 | G97: 0.82788361 | H97: 0.89208733 | J97: 0.83333333 | K97: 0.66918709 | N97: 0.96579186 | P97: 0.89112079 | Q97: 0.97219172 | R97: 0.94363466 | T97: 0.97895198 | U97: 0.72015633 | X97: 0.98468352 | Z97: 0.97910156 | AA97: 0.84796384 | AB97: 0.94229896 | AD97: 0.84853668 | AE97: 0.90435292 | AF97: =IFERROR(AVERAGE(L97:U97),"") | AG97: =IFERROR(AVERAGE(V97:AE97),"") | AH97: =IFERROR(AVERAGE(B97:K97),"") | AI97: 0.89461899 | AJ97: 0
A98: 6952.jpg | D98: 0.8323168 | F98: 0.92807781 | G98: 0.95505656 | H98: 0.88357026 | J98: 0.75209669 | K98: 0.86506262 | N98: 0.90442801 | P98: 0.94222607 | Q98: 0.95581444 | R98: 0.96782667 | T98: 0.9905783 | U98: 0.93159386 | X98: 0.91257996 | Z98: 0.98407816 | AA98: 0.99917045 | AB98: 0.91030821 | AD98: 0.75751553 | AE98: 0.92373929 | AF98: =IFERROR(AVERAGE(L98:U98),"") | AG98: =IFERROR(AVERAGE(V98:AE98),"") | AH98: =IFERROR(AVERAGE(B98:K98),"") | AI98: 0.95214462 | AJ98: 0
A99: 6954.jpg | D99: 0.75433251 | F99: 0.77159167 | G99: 0.97885389 | H99: 0.93542848 | J99: 0.64391691 | K99: 0.78569392 | N99: 0.83937275 | P99: 0.90628698 | Q99: 0.98726754 | R99: 0.95949832 | T99: 0.81989924 | U99: 0.89103448 | X99: 0.88159359 | Z99: 0.83849073 | AA99: 0.99136888 | AB99: 0.97388289 | AD99: 0.75 | AE99: 0.86921055 | AF99: =IFERROR(AVERAGE(L99:U99),"") | AG99: =IFERROR(AVERAGE(V99:AE99),"") | AH99: =IFERROR(AVERAGE(B99:K99),"") | AI99: 0.94971085 | AJ99: 0
A100: 6959.jpg | D100: 0.9304529 | F100: 0.81067667 | H100: 0.88936912 | I100: 0.76980568 | J100: 0.91765241 | K100: 0.84038337 | N100: 0.97698919 | P100: 0.93416097 | R100: 0.93133104 | S100: 0.7898773 | T100: 0.97628267 | U100: 0.91664861 | X100: 0.95130041 | Z100: 0.85980229 | AB100: 0.95178226 | AC100: 0.96804511 | AD100: 0.93857608 | AE100: 0.90991601 | AF100: =IFERROR(AVERAGE(L100:U100),"") | AG100: =IFERROR(AVERAGE(V100:AE100),"") | AH100: =IFERROR(AVERAGE(B100:K100),"") | AI100: 0.93396378 | AJ100: 0
...

Sheet YOLO11n-seg
A1: YOLO11n-seg — métricas por imagen de test (426 imágenes)
A2: Celdas vacías: la clase no aparece ni en la referencia ni en la predicción (IoU), no se predice (precisión) o no está en la referencia (recall). Ver la hoja Léeme.
B3: IoU por clase | L3: Precisión por clase | V3: Recall por clase | AF3: Resumen de la imagen
A4: Imagen | B4: IoU Background | C4: IoU Building-flooded | D4: IoU Building-non-flooded | E4: IoU Road-flooded | F4: IoU Road-non-flooded | G4: IoU Water | H4: IoU Tree | I4: IoU Vehicle | J4: IoU Pool | K4: IoU Grass | L4: Precisión Background | M4: Precisión Building-flooded | N4: Precisión Building-non-flooded | O4: Precisión Road-flooded | P4: Precisión Road-non-flooded | Q4: Precisión Water | R4: Precisión Tree | S4: Precisión Vehicle | T4: Precisión Pool | U4: Precisión Grass | V4: Recall Background | W4: Recall Building-flooded | X4: Recall Building-non-flooded | Y4: Recall Road-flooded | Z4: Recall Road-non-flooded | AA4: Recall Water | AB4: Recall Tree | AC4: Recall Vehicle | AD4: Recall Pool | AE4: Recall Grass | AF4: Precisión | AG4: Recall | AH4: Mean_IoU | AI4: Pixel accuracy | AJ4: % píxeles sin predicción
A5: 6336.jpg | F5: 0.91531931 | G5: 0.86246982 | I5: 0.85089141 | K5: 0.95484256 | P5: 0.96632892 | Q5: 0.88203538 | S5: 0.87209302 | U5: 0.98565315 | Z5: 0.94547396 | AA5: 0.97492541 | AC5: 0.97222222 | AE5: 0.96830037 | AF5: =IFERROR(AVERAGE(L5:U5),"") | AG5: =IFERROR(AVERAGE(V5:AE5),"") | AH5: =IFERROR(AVERAGE(B5:K5),"") | AI5: 0.96299744 | AJ5: 0.010940552
A6: 6342.jpg | F6: 0.93516068 | G6: 0.92680358 | K6: 0.96303767 | P6: 0.96352254 | Q6: 0.99257449 | U6: 0.98505509 | Z6: 0.96948403 | AA6: 0.93327441 | AE6: 0.97731712 | AF6: =IFERROR(AVERAGE(L6:U6),"") | AG6: =IFERROR(AVERAGE(V6:AE6),"") | AH6: =IFERROR(AVERAGE(B6:K6),"") | AI6: 0.97054672 | AJ6: 0.01266098
A7: 6353.jpg | F7: 0.89967796 | G7: 0.92284952 | H7: 0.78567368 | K7: 0.96453743 | P7: 0.94360987 | Q7: 0.97266908 | R7: 0.84525994 | U7: 0.98767079 | Z7: 0.95079736 | AA7: 0.94741704 | AB7: 0.91766268 | AE7: 0.97629241 | AF7: =IFERROR(AVERAGE(L7:U7),"") | AG7: =IFERROR(AVERAGE(V7:AE7),"") | AH7: =IFERROR(AVERAGE(B7:K7),"") | AI7: 0.96961594 | AJ7: 0.010379791
A8: 6362.jpg | F8: 0.95277875 | G8: 0.96225487 | H8: 0.65502793 | I8: 0.6872428 | K8: 0.97424343 | P8: 0.98166886 | Q8: 0.97105972 | R8: 0.6722408 | S8: 0.74553571 | U8: 0.99826856 | Z8: 0.97003733 | AA8: 0.99066503 | AB8: 0.9623803 | AC8: 0.89784946 | AE8: 0.97589246 | AF8: =IFERROR(AVERAGE(L8:U8),"") | AG8: =IFERROR(AVERAGE(V8:AE8),"") | AH8: =IFERROR(AVERAGE(B8:K8),"") | AI8: 0.97663116 | AJ8: 0.013988495
A9: 6371.jpg | F9: 0.93715822 | G9: 0.90664125 | K9: 0.97205093 | P9: 0.98301379 | Q9: 0.92942799 | U9: 0.9936467 | Z9: 0.95258422 | AA9: 0.97367048 | AE9: 0.97813022 | AF9: =IFERROR(AVERAGE(L9:U9),"") | AG9: =IFERROR(AVERAGE(V9:AE9),"") | AH9: =IFERROR(AVERAGE(B9:K9),"") | AI9: 0.97453308 | AJ9: 0.011512756
A10: 6377.jpg | F10: 0.9544118 | G10: 0.95887201 | I10: 0.83333333 | K10: 0.97213321 | P10: 0.97896259 | Q10: 0.97578424 | S10: 0.95959596 | U10: 0.99471066 | Z10: 0.97439651 | AA10: 0.98224558 | AC10: 0.86363636 | AE10: 0.97718456 | AF10: =IFERROR(AVERAGE(L10:U10),"") | AG10: =IFERROR(AVERAGE(V10:AE10),"") | AH10: =IFERROR(AVERAGE(B10:K10),"") | AI10: 0.97712708 | AJ10: 0.013462067
A11: 6383.jpg | F11: 0.94491406 | G11: 0.9665509 | I11: 0.81042654 | K11: 0.97934563 | P11: 0.96180467 | Q11: 0.97794628 | S11: 0.94475138 | U11: 0.99784222 | Z11: 0.98175395 | AA11: 0.98808801 | AC11: 0.85074627 | AE11: 0.98142407 | AF11: =IFERROR(AVERAGE(L11:U11),"") | AG11: =IFERROR(AVERAGE(V11:AE11),"") | AH11: =IFERROR(AVERAGE(B11:K11),"") | AI11: 0.98190689 | AJ11: 0.0099487305
A12: 6389.jpg | F12: 0.94949686 | G12: 0.95940249 | I12: 0 | K12: 0.97846882 | P12: 0.99481531 | Q12: 0.9746311 | S12: 0 | U12: 0.99415748 | Z12: 0.95421882 | AA12: 0.98397481 | AE12: 0.98412786 | AF12: =IFERROR(AVERAGE(L12:U12),"") | AG12: =IFERROR(AVERAGE(V12:AE12),"") | AH12: =IFERROR(AVERAGE(B12:K12),"") | AI12: 0.97932053 | AJ12: 0.012928009
A13: 6391.jpg | F13: 0.95858334 | G13: 0.94802764 | I13: 0 | K13: 0.97932844 | P13: 0.98412698 | Q13: 0.97869705 | S13: 0 | U13: 0.9927237 | Z13: 0.97363676 | AA13: 0.96800274 | AE13: 0.98640899 | AF13: =IFERROR(AVERAGE(L13:U13),"") | AG13: =IFERROR(AVERAGE(V13:AE13),"") | AH13: =IFERROR(AVERAGE(B13:K13),"") | AI13: 0.98284149 | AJ13: 0.006526947
A14: 6394.jpg | F14: 0.76733412 | G14: 0.93943749 | K14: 0.9092043 | P14: 0.96488568 | Q14: 0.96418036 | U14: 0.9383343 | Z14: 0.78937747 | AA14: 0.97340991 | AE14: 0.96698281 | AF14: =IFERROR(AVERAGE(L14:U14),"") | AG14: =IFERROR(AVERAGE(V14:AE14),"") | AH14: =IFERROR(AVERAGE(B14:K14),"") | AI14: 0.92570496 | AJ14: 0.019866943
A15: 6405.jpg | F15: 0.93446049 | G15: 0.94530598 | K15: 0.95506909 | P15: 0.94493181 | Q15: 0.98309576 | U15: 0.99755734 | Z15: 0.9882802 | AA15: 0.96092529 | AE15: 0.95730788 | AF15: =IFERROR(AVERAGE(L15:U15),"") | AG15: =IFERROR(AVERAGE(V15:AE15),"") | AH15: =IFERROR(AVERAGE(B15:K15),"") | AI15: 0.9593811 | AJ15: 0.033916473
A16: 6412.jpg | C16: 0 | D16: 0 | F16: 0.94906596 | G16: 0 | H16: 0.76171613 | I16: 0.79452055 | J16: 0.90571776 | K16: 0.89049392 | N16: 0 | P16: 0.96924155 | Q16: 0 | R16: 0.81906533 | S16: 0.9738806 | T16: 0.93471438 | U16: 0.97155341 | W16: 0 | Z16: 0.97853774 | AB16: 0.91581701 | AC16: 0.8118196 | AD16: 0.96688312 | AE16: 0.91433353 | AF16: =IFERROR(AVERAGE(L16:U16),"") | AG16: =IFERROR(AVERAGE(V16:AE16),"") | AH16: =IFERROR(AVERAGE(B16:K16),"") | AI16: 0.69028854 | AJ16: 0.020629883
A17: 6417.jpg | D17: 0.90207586 | F17: 0.92863399 | G17: 0.87372014 | H17: 0.91896809 | I17: 0.8346751 | J17: 0.86632391 | K17: 0.89943809 | N17: 0.93270147 | P17: 0.96425323 | Q17: 0.87654556 | R17: 0.95693729 | S17: 0.92511154 | T17: 0.9083558 | U17: 0.97239832 | X17: 0.96487861 | Z17: 0.96174325 | AA17: 0.99632432 | AB17: 0.95861054 | AC17: 0.8951588 | AD17: 0.94929577 | AE17: 0.923003 | AF17: =IFERROR(AVERAGE(L17:U17),"") | AG17: =IFERROR(AVERAGE(V17:AE17),"") | AH17: =IFERROR(AVERAGE(B17:K17),"") | AI17: 0.94355392 | AJ17: 0.017398834
A18: 6419.jpg | D18: 0.84887241 | F18: 0.90732297 | G18: 0.92814371 | H18: 0.88356704 | I18: 0.81547445 | K18: 0.9153872 | N18: 0.95247166 | P18: 0.95411921 | Q18: 0.978604 | R18: 0.92435635 | S18: 0.89893788 | U18: 0.98247281 | X18: 0.88642004 | Z18: 0.94871592 | AA18: 0.94736842 | AB18: 0.95243341 | AC18: 0.89778206 | AE18: 0.930584 | AF18: =IFERROR(AVERAGE(L18:U18),"") | AG18: =IFERROR(AVERAGE(V18:AE18),"") | AH18: =IFERROR(AVERAGE(B18:K18),"") | AI18: 0.93192291 | AJ18: 0.029701233
A19: 6420.jpg | D19: 0.80934451 | F19: 0.92567266 | G19: 0.79030977 | H19: 0.90676206 | I19: 0.91241578 | K19: 0.94694916 | N19: 0.97607422 | P19: 0.96961046 | Q19: 0.86334056 | R19: 0.95380057 | S19: 0.97430627 | U19: 0.98203063 | X19: 0.82572597 | Z19: 0.95333112 | AA19: 0.90331366 | AB19: 0.94841753 | AC19: 0.93491124 | AE19: 0.96364669 | AF19: =IFERROR(AVERAGE(L19:U19),"") | AG19: =IFERROR(AVERAGE(V19:AE19),"") | AH19: =IFERROR(AVERAGE(B19:K19),"") | AI19: 0.94454956 | AJ19: 0.026859283
A20: 6445.jpg | D20: 0.86461721 | F20: 0 | G20: 0.98628217 | H20: 0.68320426 | I20: 0.67570755 | J20: 0.93462579 | K20: 0.90068779 | N20: 0.92699389 | Q20: 0.98660323 | R20: 0.72950449 | S20: 0.72378947 | T20: 0.95750577 | U20: 0.96592729 | X20: 0.92779404 | Z20: 0 | AA20: 0.99967016 | AB20: 0.91499878 | AC20: 0.91048729 | AD20: 0.97507056 | AE20: 0.93024293 | AF20: =IFERROR(AVERAGE(L20:U20),"") | AG20: =IFERROR(AVERAGE(V20:AE20),"") | AH20: =IFERROR(AVERAGE(B20:K20),"") | AI20: 0.93800735 | AJ20: 0.014530182
A21: 6449.jpg | D21: 0.84960066 | G21: 0.40014492 | H21: 0.87542713 | J21: 0.67419112 | K21: 0 | N21: 0.98189883 | Q21: 0.40014492 | R21: 0.89648378 | T21: 0.93187728 | X21: 0.86311907 | AA21: 1 | AB21: 0.97387068 | AD21: 0.70914127 | AE21: 0 | AF21: =IFERROR(AVERAGE(L21:U21),"") | AG21: =IFERROR(AVERAGE(V21:AE21),"") | AH21: =IFERROR(AVERAGE(B21:K21),"") | AI21: 0.47578812 | AJ21: 0.0062522888
A22: 6452.jpg | D22: 0.7974994 | G22: 0.99597712 | H22: 0.85626958 | I22: 0.71818182 | J22: 0.86161305 | K22: 0.9471991 | N22: 0.99303286 | Q22: 0.99975494 | R22: 0.895835 | S22: 0.76328502 | T22: 0.91312471 | U22: 0.96017403 | X22: 0.80198673 | AA22: 0.99622033 | AB22: 0.95095044 | AC22: 0.92397661 | AD22: 0.93855017 | AE22: 0.98593429 | AF22: =IFERROR(AVERAGE(L22:U22),"") | AG22: =IFERROR(AVERAGE(V22:AE22),"") | AH22: =IFERROR(AVERAGE(B22:K22),"") | AI22: 0.96743774 | AJ22: 0.0064697266
A23: 6467.jpg | D23: 0.87411875 | F23: 0.80047577 | G23: 0.9213788 | H23: 0.83741262 | I23: 0.84757653 | J23: 0.44354358 | K23: 0.84597928 | N23: 0.96499421 | P23: 0.85743407 | Q23: 0.94515498 | R23: 0.89560914 | S23: 0.86354776 | T23: 0.67027027 | U23: 0.94966198 | X23: 0.90274407 | Z23: 0.92337244 | AA23: 0.97342321 | AB23: 0.92799162 | AC23: 0.97864507 | AD23: 0.56733262 | AE23: 0.88569582 | AF23: =IFERROR(AVERAGE(L23:U23),"") | AG23: =IFERROR(AVERAGE(V23:AE23),"") | AH23: =IFERROR(AVERAGE(B23:K23),"") | AI23: 0.89604187 | AJ23: 0.036895752
A24: 6468.jpg | D24: 0.87809551 | F24: 0.85108941 | G24: 0.97831325 | H24: 0.7994585 | I24: 0.80118559 | J24: 0.68074344 | K24: 0.87100601 | N24: 0.92855683 | P24: 0.89351633 | Q24: 0.98209387 | R24: 0.84872229 | S24: 0.81911422 | T24: 0.70806313 | U24: 0.98295669 | X24: 0.94171866 | Z24: 0.94715719 | AA24: 0.99608054 | AB24: 0.93230969 | AC24: 0.9734072 | AD24: 0.94636141 | AE24: 0.88436184 | AF24: =IFERROR(AVERAGE(L24:U24),"") | AG24: =IFERROR(AVERAGE(V24:AE24),"") | AH24: =IFERROR(AVERAGE(B24:K24),"") | AI24: 0.91793442 | AJ24: 0.029163361
A25: 6476.jpg | D25: 0.7069125 | F25: 0 | G25: 0.93276582 | H25: 0.88645109 | I25: 0 | J25: 0.41858038 | K25: 0.89474253 | N25: 0.79701551 | P25: 0 | Q25: 0.97670713 | R25: 0.93973089 | S25: 0 | T25: 0.52555701 | U25: 0.96763117 | X25: 0.8621273 | AA25: 0.95398721 | AB25: 0.9398855 | AD25: 0.67281879 | AE25: 0.92234898 | AF25: =IFERROR(AVERAGE(L25:U25),"") | AG25: =IFERROR(AVERAGE(V25:AE25),"") | AH25: =IFERROR(AVERAGE(B25:K25),"") | AI25: 0.93048096 | AJ25: 0.019989014
A26: 6488.jpg | D26: 0.66937598 | G26: 0.98278739 | H26: 0.91713807 | K26: 0.85786602 | N26: 0.73509934 | Q26: 0.99034394 | R26: 0.95861123 | U26: 0.99403009 | X26: 0.88217001 | AA26: 0.99229595 | AB26: 0.95495241 | AE26: 0.86230875 | AF26: =IFERROR(AVERAGE(L26:U26),"") | AG26: =IFERROR(AVERAGE(V26:AE26),"") | AH26: =IFERROR(AVERAGE(B26:K26),"") | AI26: 0.91682053 | AJ26: 0.070011139
A27: 6514.jpg | D27: 0.74181376 | G27: 0 | H27: 0.97268773 | K27: 0.90353665 | N27: 0.83266332 | Q27: 0 | R27: 0.98481271 | U27: 0.97904307 | X27: 0.87177753 | AB27: 0.98750054 | AE27: 0.9213563 | AF27: =IFERROR(AVERAGE(L27:U27),"") | AG27: =IFERROR(AVERAGE(V27:AE27),"") | AH27: =IFERROR(AVERAGE(B27:K27),"") | AI27: 0.95998001 | AJ27: 0.0072021484
A28: 6517.jpg | D28: 0.81474626 | G28: 0.42511988 | H28: 0.96447377 | K28: 0.89567176 | N28: 0.92403236 | Q28: 0.48495687 | R28: 0.98206069 | U28: 0.95671388 | X28: 0.87323827 | AA28: 0.77505044 | AB28: 0.98177065 | AE28: 0.93350124 | AF28: =IFERROR(AVERAGE(L28:U28),"") | AG28: =IFERROR(AVERAGE(V28:AE28),"") | AH28: =IFERROR(AVERAGE(B28:K28),"") | AI28: 0.95544434 | AJ28: 0.0054855347
A29: 6536.jpg | D29: 0 | F29: 0.87013658 | G29: 0.22972841 | H29: 0.8607899 | I29: 0.85357548 | K29: 0.79793528 | N29: 0 | P29: 0.96735927 | Q29: 0.5470513 | R29: 0.88948985 | S29: 0.9193154 | U29: 0.91749304 | Z29: 0.89645676 | AA29: 0.28368923 | AB29: 0.96387052 | AC29: 0.92269939 | AE29: 0.85961761 | AF29: =IFERROR(AVERAGE(L29:U29),"") | AG29: =IFERROR(AVERAGE(V29:AE29),"") | AH29: =IFERROR(AVERAGE(B29:K29),"") | AI29: 0.87485886 | AJ29: 0.023303986
A30: 6545.jpg | D30: 0.8546748 | G30: 0.6962258 | H30: 0.96651016 | K30: 0.95893148 | N30: 0.85554425 | Q30: 0.69856771 | R30: 0.99867323 | U30: 0.9778528 | X30: 0.99881235 | AA30: 0.99520791 | AB30: 0.96775279 | AE30: 0.98022055 | AF30: =IFERROR(AVERAGE(L30:U30),"") | AG30: =IFERROR(AVERAGE(V30:AE30),"") | AH30: =IFERROR(AVERAGE(B30:K30),"") | AI30: 0.97238922 | AJ30: 0.006526947
A31: 6550.jpg | D31: 0 | F31: 0.47007226 | G31: 0.80595034 | H31: 0.81714655 | K31: 0.8340673 | N31: 0 | P31: 0.89217631 | Q31: 0.91909702 | R31: 0.85329797 | U31: 0.9465776 | Z31: 0.49838578 | AA31: 0.86749317 | AB31: 0.95070849 | AE31: 0.87526847 | AF31: =IFERROR(AVERAGE(L31:U31),"") | AG31: =IFERROR(AVERAGE(V31:AE31),"") | AH31: =IFERROR(AVERAGE(B31:K31),"") | AI31: 0.86848831 | AJ31: 0.02009201
A32: 6553.jpg | D32: 0.71485774 | G32: 0.82970963 | H32: 0.89639214 | J32: 0.61707418 | K32: 0.8536076 | N32: 0.77319353 | Q32: 0.93818961 | R32: 0.95924587 | T32: 0.61707418 | U32: 0.92721016 | X32: 0.90453333 | AA32: 0.87768703 | AB32: 0.93188169 | AD32: 1 | AE32: 0.91491784 | AF32: =IFERROR(AVERAGE(L32:U32),"") | AG32: =IFERROR(AVERAGE(V32:AE32),"") | AH32: =IFERROR(AVERAGE(B32:K32),"") | AI32: 0.92098618 | AJ32: 0.018650055
A33: 6557.jpg | D33: 0.92475321 | F33: 0 | G33: 0.8620787 | H33: 0.91016627 | I33: 0.78409091 | J33: 0.82016481 | K33: 0.85468387 | N33: 0.96934791 | P33: 0 | Q33: 0.91753507 | R33: 0.96208697 | S33: 0.83257919 | T33: 0.86150713 | U33: 0.95945089 | X33: 0.95260936 | AA33: 0.93448311 | AB33: 0.94402562 | AC33: 0.93086003 | AD33: 0.94472362 | AE33: 0.88671316 | AF33: =IFERROR(AVERAGE(L33:U33),"") | AG33: =IFERROR(AVERAGE(V33:AE33),"") | AH33: =IFERROR(AVERAGE(B33:K33),"") | AI33: 0.91954803 | AJ33: 0.031509399
A34: 6558.jpg | D34: 0.76491094 | F34: 0 | G34: 0.8501593 | H34: 0.91600214 | I34: 0.64915758 | J34: 0.76271186 | K34: 0.82571009 | N34: 0.79954078 | P34: 0 | Q34: 0.9265408 | R34: 0.95238095 | S34: 0.66161616 | T34: 0.90872375 | U34: 0.9671535 | X34: 0.94641064 | AA34: 0.91160457 | AB34: 0.95996881 | AC34: 0.97181009 | AD34: 0.82599119 | AE34: 0.84953338 | AF34: =IFERROR(AVERAGE(L34:U34),"") | AG34: =IFERROR(AVERAGE(V34:AE34),"") | AH34: =IFERROR(AVERAGE(B34:K34),"") | AI34: 0.90790176 | AJ34: 0.026062012
A35: 6561.jpg | D35: 0.86468113 | F35: 0.8494342 | G35: 0.77494299 | H35: 0.87403213 | I35: 0.64412811 | J35: 0.7311412 | K35: 0.75964628 | N35: 0.94929511 | P35: 0.93890816 | Q35: 0.82919018 | R35: 0.96622569 | S35: 0.94025974 | T35: 0.88732394 | U35: 0.85535347 | X35: 0.90655051 | Z35: 0.89912912 | AA35: 0.92215061 | AB35: 0.90157683 | AC35: 0.6716141 | AD35: 0.80597015 | AE35: 0.87161554 | AF35: =IFERROR(AVERAGE(L35:U35),"") | AG35: =IFERROR(AVERAGE(V35:AE35),"") | AH35: =IFERROR(AVERAGE(B35:K35),"") | AI35: 0.8924408 | AJ35: 0.036262512
A36: 6562.jpg | D36: 0.81283045 | F36: 0.90588134 | G36: 0.61356051 | H36: 0.89135794 | I36: 0.71228616 | J36: 0.89049236 | K36: 0.75931147 | N36: 0.90537888 | P36: 0.94534386 | Q36: 0.6979021 | R36: 0.94873174 | S36: 0.87072243 | T36: 0.90197764 | U36: 0.97401413 | X36: 0.88828968 | Z36: 0.95594874 | AA36: 0.83544607 | AB36: 0.93646548 | AC36: 0.79652174 | AD36: 0.98590226 | AE36: 0.77501149 | AF36: =IFERROR(AVERAGE(L36:U36),"") | AG36: =IFERROR(AVERAGE(V36:AE36),"") | AH36: =IFERROR(AVERAGE(B36:K36),"") | AI36: 0.88353348 | AJ36: 0.067901611
A37: 6567.jpg | D37: 0.94055667 | F37: 0.78694444 | H37: 0.95920248 | K37: 0.91264978 | N37: 0.96443255 | P37: 0.97287088 | R37: 0.97874917 | U37: 0.9807951 | X37: 0.97435402 | Z37: 0.80460097 | AB37: 0.97960414 | AE37: 0.9292561 | AF37: =IFERROR(AVERAGE(L37:U37),"") | AG37: =IFERROR(AVERAGE(V37:AE37),"") | AH37: =IFERROR(AVERAGE(B37:K37),"") | AI37: 0.95950699 | AJ37: 0.019107819
A38: 6568.jpg | D38: 0.91752883 | F38: 0.92323156 | H38: 0.9325151 | I38: 0.77044025 | J38: 0.82985386 | K38: 0.89600254 | N38: 0.94349248 | P38: 0.94751773 | R38: 0.96307483 | S38: 0.92105263 | T38: 0.830721 | U38: 0.98555582 | X38: 0.97088119 | Z38: 0.97298729 | AB38: 0.96709201 | AC38: 0.82491582 | AD38: 0.99874372 | AE38: 0.90792514 | AF38: =IFERROR(AVERAGE(L38:U38),"") | AG38: =IFERROR(AVERAGE(V38:AE38),"") | AH38: =IFERROR(AVERAGE(B38:K38),"") | AI38: 0.94368744 | AJ38: 0.025989532
A39: 6583.jpg | B39: 0 | G39: 0.68484288 | H39: 0.94120563 | K39: 0.95588152 | L39: 0 | Q39: 0.99425719 | R39: 0.98328824 | U39: 0.97732086 | AA39: 0.68756263 | AB39: 0.95650641 | AE39: 0.97756552 | AF39: =IFERROR(AVERAGE(L39:U39),"") | AG39: =IFERROR(AVERAGE(V39:AE39),"") | AH39: =IFERROR(AVERAGE(B39:K39),"") | AI39: 0.94137955 | AJ39: 0.012744904
A40: 6590.jpg | G40: 0.90627433 | I40: 0 | K40: 0.97954897 | Q40: 0.98265021 | S40: 0 | U40: 0.98865271 | AA40: 0.92101171 | AE40: 0.99068707 | AF40: =IFERROR(AVERAGE(L40:U40),"") | AG40: =IFERROR(AVERAGE(V40:AE40),"") | AH40: =IFERROR(AVERAGE(B40:K40),"") | AI40: 0.98094559 | AJ40: 0.0024261475
A41: 6593.jpg | G41: 0.92274641 | H41: 0.5950143 | K41: 0.98090828 | Q41: 0.95658 | R41: 0.75636364 | U41: 0.99555079 | AA41: 0.9630845 | AB41: 0.73609707 | AE41: 0.98522729 | AF41: =IFERROR(AVERAGE(L41:U41),"") | AG41: =IFERROR(AVERAGE(V41:AE41),"") | AH41: =IFERROR(AVERAGE(B41:K41),"") | AI41: 0.97871399 | AJ41: 0.0069007874
A42: 6594.jpg | F42: 0 | H42: 0 | K42: 0.95923304 | U42: 0.9659532 | Z42: 0 | AB42: 0 | AE42: 0.99279952 | AF42: =IFERROR(AVERAGE(L42:U42),"") | AG42: =IFERROR(AVERAGE(V42:AE42),"") | AH42: =IFERROR(AVERAGE(B42:K42),"") | AI42: 0.95305634 | AJ42: 0.01335144
A43: 6602.jpg | E43: 0.97891348 | H43: 0.15970429 | K43: 0.9412925 | O43: 0.9809399 | R43: 0.25231739 | U43: 0.98187197 | Y43: 0.99789415 | AB43: 0.30318556 | AE43: 0.95794037 | AF43: =IFERROR(AVERAGE(L43:U43),"") | AG43: =IFERROR(AVERAGE(V43:AE43),"") | AH43: =IFERROR(AVERAGE(B43:K43),"") | AI43: 0.96033478 | AJ43: 0.0063171387
A44: 6619.jpg | F44: 0.80449539 | G44: 0.71840739 | H44: 0.85822575 | K44: 0.94578278 | P44: 0.81245554 | Q44: 0.73799644 | R44: 0.91989336 | U44: 0.99313329 | Z44: 0.98796791 | AA44: 0.96436871 | AB44: 0.92754736 | AE44: 0.95200827 | AF44: =IFERROR(AVERAGE(L44:U44),"") | AG44: =IFERROR(AVERAGE(V44:AE44),"") | AH44: =IFERROR(AVERAGE(B44:K44),"") | AI44: 0.95278168 | AJ44: 0.012241364
A45: 6624.jpg | B45: 0 | E45: 0 | F45: 0.93283263 | G45: 0 | H45: 0.86628719 | K45: 0.89165271 | O45: 0 | P45: 0.9670802 | Q45: 0 | R45: 0.89249865 | U45: 0.98939296 | V45: 0 | Z45: 0.96342523 | AB45: 0.96720992 | AE45: 0.90025846 | AF45: =IFERROR(AVERAGE(L45:U45),"") | AG45: =IFERROR(AVERAGE(V45:AE45),"") | AH45: =IFERROR(AVERAGE(B45:K45),"") | AI45: 0.80085373 | AJ45: 0.022830963
A46: 6632.jpg | B46: 0.012423919 | F46: 0.79092555 | G46: 0 | H46: 0.86288571 | K46: 0.92858022 | L46: 0.52941176 | P46: 0.91142658 | Q46: 0 | R46: 0.87541508 | U46: 0.97799829 | V46: 0.012562655 | Z46: 0.85678025 | AB46: 0.98368385 | AE46: 0.9483921 | AF46: =IFERROR(AVERAGE(L46:U46),"") | AG46: =IFERROR(AVERAGE(V46:AE46),"") | AH46: =IFERROR(AVERAGE(B46:K46),"") | AI46: 0.88700867 | AJ46: 0.023609161
A47: 6638.jpg | D47: 0.77626638 | F47: 0.625 | H47: 0.74401653 | K47: 0.94476445 | N47: 0.87318126 | P47: 0.68257124 | R47: 0.8419664 | U47: 0.994307 | X47: 0.87490594 | Z47: 0.88109495 | AB47: 0.86478236 | AE47: 0.9499028 | AF47: =IFERROR(AVERAGE(L47:U47),"") | AG47: =IFERROR(AVERAGE(V47:AE47),"") | AH47: =IFERROR(AVERAGE(B47:K47),"") | AI47: 0.93708801 | AJ47: 0.033290863
A48: 6659.jpg | D48: 0.9138927 | F48: 0.74722081 | H48: 0.78901289 | I48: 0.30980392 | K48: 0.90800828 | N48: 0.97586127 | P48: 0.85055 | R48: 0.85467174 | S48: 0.32113821 | U48: 0.96677692 | X48: 0.93502989 | Z48: 0.8601539 | AB48: 0.91127252 | AC48: 0.89772727 | AE48: 0.93725389 | AF48: =IFERROR(AVERAGE(L48:U48),"") | AG48: =IFERROR(AVERAGE(V48:AE48),"") | AH48: =IFERROR(AVERAGE(B48:K48),"") | AI48: 0.9291153 | AJ48: 0.011947632
A49: 6663.jpg | D49: 0.82279852 | F49: 0.74253484 | H49: 0.83101156 | K49: 0.89282494 | N49: 0.94774312 | P49: 0.760707 | R49: 0.86671014 | U49: 0.97905797 | X49: 0.86190095 | Z49: 0.96883117 | AB49: 0.95277621 | AE49: 0.91020764 | AF49: =IFERROR(AVERAGE(L49:U49),"") | AG49: =IFERROR(AVERAGE(V49:AE49),"") | AH49: =IFERROR(AVERAGE(B49:K49),"") | AI49: 0.92087555 | AJ49: 0.016998291
A50: 6671.jpg | F50: 0.011930295 | H50: 0.85752586 | K50: 0.90307113 | P50: 0.013565005 | R50: 0.96018148 | U50: 0.96488978 | Z50: 0.090080972 | AB50: 0.88914511 | AE50: 0.93375505 | AF50: =IFERROR(AVERAGE(L50:U50),"") | AG50: =IFERROR(AVERAGE(V50:AE50),"") | AH50: =IFERROR(AVERAGE(B50:K50),"") | AI50: 0.9090271 | AJ50: 0.031036377
A51: 6672.jpg | F51: 0.045794213 | H51: 0.85394702 | K51: 0.89642639 | P51: 0.059452736 | R51: 0.88656094 | U51: 0.99227148 | Z51: 0.16620306 | AB51: 0.95870036 | AE51: 0.90272925 | AF51: =IFERROR(AVERAGE(L51:U51),"") | AG51: =IFERROR(AVERAGE(V51:AE51),"") | AH51: =IFERROR(AVERAGE(B51:K51),"") | AI51: 0.91970444 | AJ51: 0.015460968
A52: 6677.jpg | H52: 0.72946934 | K52: 0.83071509 | R52: 0.93418727 | U52: 0.8738465 | AB52: 0.76898803 | AE52: 0.94391591 | AF52: =IFERROR(AVERAGE(L52:U52),"") | AG52: =IFERROR(AVERAGE(V52:AE52),"") | AH52: =IFERROR(AVERAGE(B52:K52),"") | AI52: 0.8732872 | AJ52: 0.023590088
A53: 6679.jpg | H53: 0.90106982 | K53: 0.8082817 | R53: 0.97759437 | U53: 0.84516658 | AB53: 0.92007089 | AE53: 0.94877225 | AF53: =IFERROR(AVERAGE(L53:U53),"") | AG53: =IFERROR(AVERAGE(V53:AE53),"") | AH53: =IFERROR(AVERAGE(B53:K53),"") | AI53: 0.92875671 | AJ53: 0.0039367676
A54: 6680.jpg | H54: 0.83634045 | K54: 0.54434194 | R54: 0.95509873 | U54: 0.62941067 | AB54: 0.87056966 | AE54: 0.80109413 | AF54: =IFERROR(AVERAGE(L54:U54),"") | AG54: =IFERROR(AVERAGE(V54:AE54),"") | AH54: =IFERROR(AVERAGE(B54:K54),"") | AI54: 0.85598755 | AJ54: 0.012676239
A55: 6688.jpg | H55: 0.81972959 | K55: 0.91684714 | R55: 0.88067637 | U55: 0.97544156 | AB55: 0.92214888 | AE55: 0.93851099 | AF55: =IFERROR(AVERAGE(L55:U55),"") | AG55: =IFERROR(AVERAGE(V55:AE55),"") | AH55: =IFERROR(AVERAGE(B55:K55),"") | AI55: 0.93428421 | AJ55: 0.015914917
A56: 6691.jpg | D56: 0.86258923 | E56: 0.21846318 | F56: 0 | G56: 0.88630579 | H56: 0.40096891 | I56: 0.56313498 | J56: 0 | K56: 0.6445798 | N56: 0.93057581 | O56: 0.25092946 | P56: 0 | Q56: 0.92320318 | R56: 0.84223998 | S56: 0.90127758 | U56: 0.80581722 | X56: 0.92191654 | Y56: 0.62804334 | Z56: 0 | AA56: 0.95685211 | AB56: 0.43352936 | AC56: 0.60015468 | AD56: 0 | AE56: 0.7631129 | AF56: =IFERROR(AVERAGE(L56:U56),"") | AG56: =IFERROR(AVERAGE(V56:AE56),"") | AH56: =IFERROR(AVERAGE(B56:K56),"") | AI56: 0.7720871 | AJ56: 0.059188843
A57: 6695.jpg | C57: 0.20641534 | D57: 0 | E57: 0.26289413 | F57: 0 | G57: 0.84683893 | H57: 0.74891526 | I57: 0.44776119 | K57: 0.59320256 | M57: 0.20782371 | O57: 0.89024199 | P57: 0 | Q57: 0.894489 | R57: 0.92814137 | S57: 0.51107325 | U57: 0.81562114 | W57: 0.96821286 | X57: 0 | Y57: 0.27170056 | AA57: 0.94081752 | AB57: 0.79501211 | AC57: 0.78328982 | AE57: 0.68506975 | AF57: =IFERROR(AVERAGE(L57:U57),"") | AG57: =IFERROR(AVERAGE(V57:AE57),"") | AH57: =IFERROR(AVERAGE(B57:K57),"") | AI57: 0.69035339 | AJ57: 0.065135956
A58: 6700.jpg | B58: 0 | C58: 0.29312969 | D58: 0.1645869 | E58: 0.71771098 | G58: 0 | H58: 0.64522793 | I58: 0.54924681 | J58: 0.79816914 | K58: 0.59729823 | L58: 0 | M58: 0.29654385 | N58: 0.92120524 | O58: 0.83196273 | R58: 0.80972582 | S58: 0.71763815 | T58: 0.81595365 | U58: 0.84791433 | W58: 0.96220759 | X58: 0.16693701 | Y58: 0.8393898 | AA58: 0 | AB58: 0.76054072 | AC58: 0.70066519 | AD58: 0.97341839 | AE58: 0.66896742 | AF58: =IFERROR(AVERAGE(L58:U58),"") | AG58: =IFERROR(AVERAGE(V58:AE58),"") | AH58: =IFERROR(AVERAGE(B58:K58),"") | AI58: 0.60432816 | AJ58: 0.085948944
A59: 6717.jpg | C59: 0.23943812 | D59: 0 | E59: 0.30488301 | G59: 0 | H59: 0.79253067 | I59: 0.54321584 | J59: 0.7927314 | K59: 0.3661382 | M59: 0.24124621 | O59: 0.93480973 | Q59: 0 | R59: 0.8805308 | S59: 0.78233658 | T59: 0.82335594 | U59: 0.78381738 | W59: 0.96964846 | X59: 0 | Y59: 0.31150608 | AB59: 0.88801887 | AC59: 0.63993174 | AD59: 0.95518303 | AE59: 0.40726533 | AF59: =IFERROR(AVERAGE(L59:U59),"") | AG59: =IFERROR(AVERAGE(V59:AE59),"") | AH59: =IFERROR(AVERAGE(B59:K59),"") | AI59: 0.48578262 | AJ59: 0.19738007
A60: 6718.jpg | D60: 0.84747159 | F60: 0 | G60: 0.95486699 | H60: 0.69843967 | I60: 0 | K60: 0.81079203 | N60: 0.90836864 | Q60: 0.99096572 | R60: 0.90989716 | U60: 0.89162766 | X60: 0.92669308 | Z60: 0 | AA60: 0.96325227 | AB60: 0.75033525 | AC60: 0 | AE60: 0.89942818 | AF60: =IFERROR(AVERAGE(L60:U60),"") | AG60: =IFERROR(AVERAGE(V60:AE60),"") | AH60: =IFERROR(AVERAGE(B60:K60),"") | AI60: 0.86973572 | AJ60: 0.063785553
A61: 6733.jpg | D61: 0.85493262 | G61: 0.96602475 | H61: 0.65833797 | J61: 0.64136126 | K61: 0.8441747 | N61: 0.86880811 | Q61: 0.99521123 | R61: 0.8154958 | T61: 0.9351145 | U61: 0.92196741 | X61: 0.98166189 | AA61: 0.97053612 | AB61: 0.77355748 | AD61: 0.67123288 | AE61: 0.90913067 | AF61: =IFERROR(AVERAGE(L61:U61),"") | AG61: =IFERROR(AVERAGE(V61:AE61),"") | AH61: =IFERROR(AVERAGE(B61:K61),"") | AI61: 0.90998459 | AJ61: 0.021495819
A62: 6744.jpg | D62: 0.85731487 | G62: 0.87842561 | H62: 0.50416041 | J62: 0 | K62: 0.8699685 | N62: 0.93132767 | Q62: 0.95199635 | R62: 0.69188234 | T62: 0 | U62: 0.93477676 | X62: 0.9151671 | AA62: 0.91913781 | AB62: 0.65012605 | AE62: 0.9261894 | AF62: =IFERROR(AVERAGE(L62:U62),"") | AG62: =IFERROR(AVERAGE(V62:AE62),"") | AH62: =IFERROR(AVERAGE(B62:K62),"") | AI62: 0.88936996 | AJ62: 0.023281097
A63: 6751.jpg | D63: 0.69525316 | F63: 0 | G63: 0.86625287 | H63: 0.61509165 | K63: 0.84306837 | N63: 0.71820856 | Q63: 0.94351663 | R63: 0.83886313 | U63: 0.89153435 | X63: 0.95604874 | Z63: 0 | AA63: 0.91363199 | AB63: 0.69750358 | AE63: 0.93942437 | AF63: =IFERROR(AVERAGE(L63:U63),"") | AG63: =IFERROR(AVERAGE(V63:AE63),"") | AH63: =IFERROR(AVERAGE(B63:K63),"") | AI63: 0.88394547 | AJ63: 0.016895294
A64: 6761.jpg | D64: 0.70205828 | G64: 0.92758191 | H64: 0.77123629 | J64: 0.35854342 | K64: 0.8652957 | N64: 0.78188833 | Q64: 0.94866554 | R64: 0.9461992 | T64: 0.48301887 | U64: 0.93982418 | X64: 0.87303599 | AA64: 0.97660101 | AB64: 0.80660801 | AD64: 0.58181818 | AE64: 0.9160483 | AF64: =IFERROR(AVERAGE(L64:U64),"") | AG64: =IFERROR(AVERAGE(V64:AE64),"") | AH64: =IFERROR(AVERAGE(B64:K64),"") | AI64: 0.90135193 | AJ64: 0.042434692
A65: 6765.jpg | D65: 0.72784469 | F65: 0.32172996 | G65: 0.97794976 | H65: 0.88542083 | J65: 0.66933868 | K65: 0.74727906 | N65: 0.87735645 | P65: 0.639413 | Q65: 0.98523716 | R65: 0.92129381 | T65: 0.76605505 | U65: 0.9457026 | X65: 0.81028617 | Z65: 0.39304124 | AA65: 0.9924934 | AB65: 0.95787608 | AD65: 0.84130982 | AE65: 0.7807783 | AF65: =IFERROR(AVERAGE(L65:U65),"") | AG65: =IFERROR(AVERAGE(V65:AE65),"") | AH65: =IFERROR(AVERAGE(B65:K65),"") | AI65: 0.90703201 | AJ65: 0.041488647
A66: 6768.jpg | D66: 0.81979533 | F66: 0.47482014 | G66: 0.97925758 | H66: 0.88234189 | I66: 0 | J66: 0.46438746 | K66: 0.75341553 | N66: 0.92096282 | P66: 0.89361702 | Q66: 0.98687502 | R66: 0.89989416 | T66: 0.49096386 | U66: 0.95691552 | X66: 0.88183695 | Z66: 0.50326797 | AA66: 0.9921794 | AB66: 0.97837235 | AC66: 0 | AD66: 0.8956044 | AE66: 0.77987031 | AF66: =IFERROR(AVERAGE(L66:U66),"") | AG66: =IFERROR(AVERAGE(V66:AE66),"") | AH66: =IFERROR(AVERAGE(B66:K66),"") | AI66: 0.92340469 | AJ66: 0.014888763
A67: 6771.jpg | D67: 0.6506772 | F67: 0.32218597 | G67: 0.98209904 | H67: 0.92412603 | J67: 0.62202381 | K67: 0.75974857 | N67: 0.69963592 | P67: 0.86813187 | Q67: 0.99229992 | R67: 0.94225855 | T67: 0.6572327 | U67: 0.96175414 | X67: 0.90289742 | Z67: 0.33876501 | AA67: 0.98964103 | AB67: 0.97960113 | AD67: 0.92070485 | AE67: 0.78341777 | AF67: =IFERROR(AVERAGE(L67:U67),"") | AG67: =IFERROR(AVERAGE(V67:AE67),"") | AH67: =IFERROR(AVERAGE(B67:K67),"") | AI67: 0.93139648 | AJ67: 0.022808075
A68: 6774.jpg | D68: 0.782773 | F68: 0.43247963 | G68: 0.98862127 | H68: 0.95654403 | J68: 0.63309353 | K68: 0.85694395 | N68: 0.82220093 | P68: 0.81738174 | Q68: 0.99296486 | R68: 0.97397335 | T68: 0.70967742 | U68: 0.97244167 | X68: 0.94227451 | Z68: 0.47873711 | AA68: 0.99559477 | AB68: 0.98163552 | AD68: 0.85436893 | AE68: 0.87827299 | AF68: =IFERROR(AVERAGE(L68:U68),"") | AG68: =IFERROR(AVERAGE(V68:AE68),"") | AH68: =IFERROR(AVERAGE(B68:K68),"") | AI68: 0.95777893 | AJ68: 0.016662598
A69: 6775.jpg | D69: 0.79787628 | F69: 0.61303582 | G69: 0.98579178 | H69: 0.9586511 | J69: 0.60244648 | K69: 0.86724687 | N69: 0.83273196 | P69: 0.84057971 | Q69: 0.99353859 | R69: 0.97359936 | T69: 0.65448505 | U69: 0.97824486 | X69: 0.95015439 | Z69: 0.69368771 | AA69: 0.9921525 | AB69: 0.98423662 | AD69: 0.88340807 | AE69: 0.8843021 | AF69: =IFERROR(AVERAGE(L69:U69),"") | AG69: =IFERROR(AVERAGE(V69:AE69),"") | AH69: =IFERROR(AVERAGE(B69:K69),"") | AI69: 0.95979309 | AJ69: 0.015727997
A70: 6778.jpg | D70: 0.84411479 | F70: 0.55271775 | G70: 0.98223088 | H70: 0.94792031 | J70: 0.49431818 | K70: 0.86985418 | N70: 0.87729053 | P70: 0.73455178 | Q70: 0.99678334 | R70: 0.97277731 | T70: 0.71117166 | U70: 0.94967658 | X70: 0.95712119 | Z70: 0.69067103 | AA70: 0.98535415 | AB70: 0.97375108 | AD70: 0.61848341 | AE70: 0.91188633 | AF70: =IFERROR(AVERAGE(L70:U70),"") | AG70: =IFERROR(AVERAGE(V70:AE70),"") | AH70: =IFERROR(AVERAGE(B70:K70),"") | AI70: 0.96001816 | AJ70: 0.010204315
A71: 6780.jpg | D71: 0.85223285 | F71: 0 | G71: 0.97637007 | H71: 0.94568259 | J71: 0.55357143 | K71: 0.86735238 | N71: 0.8858976 | Q71: 0.99227993 | R71: 0.97144308 | T71: 0.61184211 | U71: 0.94492435 | X71: 0.95731376 | Z71: 0 | AA71: 0.98384363 | AB71: 0.97272398 | AD71: 0.85321101 | AE71: 0.91353554 | AF71: =IFERROR(AVERAGE(L71:U71),"") | AG71: =IFERROR(AVERAGE(V71:AE71),"") | AH71: =IFERROR(AVERAGE(B71:K71),"") | AI71: 0.96037292 | AJ71: 0.0078773499
A72: 6785.jpg | D72: 0.88300221 | F72: 0.57550336 | G72: 0.96912388 | H72: 0.94692111 | K72: 0.88612953 | N72: 0.92307692 | P72: 0.68190855 | Q72: 0.99422649 | R72: 0.96662763 | U72: 0.97459735 | X72: 0.95313741 | Z72: 0.78669725 | AA72: 0.97460872 | AB72: 0.97892411 | AE72: 0.90708015 | AF72: =IFERROR(AVERAGE(L72:U72),"") | AG72: =IFERROR(AVERAGE(V72:AE72),"") | AH72: =IFERROR(AVERAGE(B72:K72),"") | AI72: 0.95694733 | AJ72: 0.01725769
A73: 6786.jpg | D73: 0.86286251 | F73: 0.36858476 | G73: 0.9644409 | H73: 0.95752605 | J73: 0 | K73: 0.88047406 | N73: 0.90393604 | P73: 0.45057034 | Q73: 0.99610076 | R73: 0.96703069 | U73: 0.97704646 | X73: 0.94997415 | Z73: 0.66949153 | AA73: 0.96809576 | AB73: 0.98983963 | AD73: 0 | AE73: 0.89907115 | AF73: =IFERROR(AVERAGE(L73:U73),"") | AG73: =IFERROR(AVERAGE(V73:AE73),"") | AH73: =IFERROR(AVERAGE(B73:K73),"") | AI73: 0.95731354 | AJ73: 0.016246796
A74: 6794.jpg | D74: 0.76916247 | F74: 0.70277262 | H74: 0.86412237 | I74: 0.81952118 | K74: 0.89307752 | N74: 0.78306719 | P74: 0.86805129 | R74: 0.90697505 | S74: 0.83022388 | U74: 0.95572422 | X74: 0.97743513 | Z74: 0.78682559 | AB74: 0.94815728 | AC74: 0.98451327 | AE74: 0.93162203 | AF74: =IFERROR(AVERAGE(L74:U74),"") | AG74: =IFERROR(AVERAGE(V74:AE74),"") | AH74: =IFERROR(AVERAGE(B74:K74),"") | AI74: 0.92144775 | AJ74: 0.011398315
A75: 6795.jpg | D75: 0.90046575 | F75: 0.84686014 | H75: 0.87846239 | I75: 0.84169884 | J75: 0.77464789 | K75: 0.85999918 | N75: 0.93051049 | P75: 0.90070452 | R75: 0.90413182 | S75: 0.84824903 | T75: 0.98008386 | U75: 0.97865169 | X75: 0.96538375 | Z75: 0.93406395 | AB75: 0.96869258 | AC75: 0.99090909 | AD75: 0.78703704 | AE75: 0.87644124 | AF75: =IFERROR(AVERAGE(L75:U75),"") | AG75: =IFERROR(AVERAGE(V75:AE75),"") | AH75: =IFERROR(AVERAGE(B75:K75),"") | AI75: 0.91284561 | AJ75: 0.032791138
A76: 6796.jpg | D76: 0.88294639 | F76: 0.18948309 | H76: 0.92898705 | I76: 0.6882793 | J76: 0.86986301 | K76: 0.80662463 | N76: 0.89709503 | P76: 0.19116321 | R76: 0.94395568 | S76: 0.72823219 | T76: 0.97739298 | U76: 0.99048236 | X76: 0.98245098 | Z76: 0.95567243 | AB76: 0.98321698 | AC76: 0.9261745 | AD76: 0.8877239 | AE76: 0.81292556 | AF76: =IFERROR(AVERAGE(L76:U76),"") | AG76: =IFERROR(AVERAGE(V76:AE76),"") | AH76: =IFERROR(AVERAGE(B76:K76),"") | AI76: 0.89787674 | AJ76: 0.044303894
A77: 6809.jpg | H77: 0.89897465 | K77: 0.96215296 | R77: 0.92677695 | U77: 0.99039858 | AB77: 0.96770746 | AE77: 0.97121204 | AF77: =IFERROR(AVERAGE(L77:U77),"") | AG77: =IFERROR(AVERAGE(V77:AE77),"") | AH77: =IFERROR(AVERAGE(B77:K77),"") | AI77: 0.97029877 | AJ77: 0.0028152466
A78: 6815.jpg | D78: 0.81863091 | H78: 0.97398248 | J78: 0.55625 | K78: 0.90917718 | N78: 0.8637379 | R78: 0.9916622 | T78: 0.61464088 | U78: 0.95045385 | X78: 0.94003241 | AB78: 0.98202443 | AD78: 0.85412668 | AE78: 0.95441096 | AF78: =IFERROR(AVERAGE(L78:U78),"") | AG78: =IFERROR(AVERAGE(V78:AE78),"") | AH78: =IFERROR(AVERAGE(B78:K78),"") | AI78: 0.97383881 | AJ78: 0.0031852722
A79: 6825.jpg | D79: 0.93351064 | F79: 0.88368371 | H79: 0.90257041 | I79: 0.58646617 | K79: 0.90854153 | N79: 0.94292878 | P79: 0.92584621 | R79: 0.96192084 | S79: 0.61417323 | U79: 0.9601038 | X79: 0.98941368 | Z79: 0.95099193 | AB79: 0.93601388 | AC79: 0.92857143 | AE79: 0.94418801 | AF79: =IFERROR(AVERAGE(L79:U79),"") | AG79: =IFERROR(AVERAGE(V79:AE79),"") | AH79: =IFERROR(AVERAGE(B79:K79),"") | AI79: 0.9454689 | AJ79: 0.0095901489
A80: 6827.jpg | F80: 0.8218755 | H80: 0.93850154 | K80: 0.93841157 | P80: 0.99587043 | R80: 0.95248743 | U80: 0.97132547 | Z80: 0.82468608 | AB80: 0.98459529 | AE80: 0.96514897 | AF80: =IFERROR(AVERAGE(L80:U80),"") | AG80: =IFERROR(AVERAGE(V80:AE80),"") | AH80: =IFERROR(AVERAGE(B80:K80),"") | AI80: 0.95026016 | AJ80: 0.019348145
A81: 6831.jpg | D81: 0.90145969 | F81: 0.85108648 | H81: 0.83947292 | I81: 0.69035847 | J81: 0.83192038 | K81: 0.74593261 | N81: 0.94853061 | P81: 0.88297601 | R81: 0.88524258 | S81: 0.76038121 | T81: 0.91044776 | U81: 0.95254763 | X81: 0.94782264 | Z81: 0.95929231 | AB81: 0.94198345 | AC81: 0.88230648 | AD81: 0.90606182 | AE81: 0.77472092 | AF81: =IFERROR(AVERAGE(L81:U81),"") | AG81: =IFERROR(AVERAGE(V81:AE81),"") | AH81: =IFERROR(AVERAGE(B81:K81),"") | AI81: 0.88140869 | AJ81: 0.037559509
A82: 6844.jpg | D82: 0.94835713 | F82: 0.88020305 | H82: 0.87254196 | I82: 0 | J82: 0.47532108 | K82: 0.90421073 | N82: 0.9698651 | P82: 0.93264213 | R82: 0.94244346 | S82: 0 | T82: 0.90527578 | U82: 0.97125183 | X82: 0.97715044 | Z82: 0.93995663 | AB82: 0.92165467 | AD82: 0.50019875 | AE82: 0.92907636 | AF82: =IFERROR(AVERAGE(L82:U82),"") | AG82: =IFERROR(AVERAGE(V82:AE82),"") | AH82: =IFERROR(AVERAGE(B82:K82),"") | AI82: 0.92805862 | AJ82: 0.017154694
A83: 6850.jpg | D83: 0.67311351 | H83: 0.9367664 | K83: 0.9357179 | N83: 0.72780254 | R83: 0.98032293 | U83: 0.96920926 | X83: 0.89957627 | AB83: 0.95471777 | AE83: 0.96438597 | AF83: =IFERROR(AVERAGE(L83:U83),"") | AG83: =IFERROR(AVERAGE(V83:AE83),"") | AH83: =IFERROR(AVERAGE(B83:K83),"") | AI83: 0.95867538 | AJ83: 0.014019012
A84: 6856.jpg | D84: 0.94965862 | F84: 0.83818985 | H84: 0.89094268 | I84: 0.76159555 | J84: 0.72833118 | K84: 0.88447106 | N84: 0.97019137 | P84: 0.96640367 | R84: 0.90922585 | S84: 0.80019493 | T84: 0.72927461 | U84: 0.98659319 | X84: 0.97820032 | Z84: 0.86334698 | AB84: 0.97792824 | AC84: 0.94043528 | AD84: 0.99822695 | AE84: 0.89523091 | AF84: =IFERROR(AVERAGE(L84:U84),"") | AG84: =IFERROR(AVERAGE(V84:AE84),"") | AH84: =IFERROR(AVERAGE(B84:K84),"") | AI84: 0.93793488 | AJ84: 0.016704559
A85: 6893.jpg | D85: 0.93939963 | F85: 0.78428762 | H85: 0.88910958 | I85: 0.84579439 | K85: 0.84700369 | N85: 0.96582729 | P85: 0.81725002 | R85: 0.92547693 | S85: 0.92441267 | U85: 0.97988748 | X85: 0.97169654 | Z85: 0.95108866 | AB85: 0.95767389 | AC85: 0.90863454 | AE85: 0.8619894 | AF85: =IFERROR(AVERAGE(L85:U85),"") | AG85: =IFERROR(AVERAGE(V85:AE85),"") | AH85: =IFERROR(AVERAGE(B85:K85),"") | AI85: 0.91397858 | AJ85: 0.032676697
A86: 6895.jpg | D86: 0.94196342 | F86: 0.60838218 | H86: 0.87336084 | I86: 0.87752054 | K86: 0.82342048 | N86: 0.97251913 | P86: 0.75041573 | R86: 0.922266 | S86: 0.94681708 | U86: 0.95407407 | X86: 0.9677217 | Z86: 0.76271311 | AB86: 0.94275921 | AC86: 0.9230165 | AE86: 0.8574052 | AF86: =IFERROR(AVERAGE(L86:U86),"") | AG86: =IFERROR(AVERAGE(V86:AE86),"") | AH86: =IFERROR(AVERAGE(B86:K86),"") | AI86: 0.90119553 | AJ86: 0.03327179
A87: 6896.jpg | D87: 0.90485521 | F87: 0.41716121 | H87: 0.91227073 | I87: 0.81828571 | K87: 0.84689738 | N87: 0.95152785 | P87: 0.75556399 | R87: 0.97349354 | S87: 0.95086321 | U87: 0.927541 | X87: 0.94857959 | Z87: 0.48224374 | AB87: 0.93550826 | AC87: 0.85441527 | AE87: 0.90689692 | AF87: =IFERROR(AVERAGE(L87:U87),"") | AG87: =IFERROR(AVERAGE(V87:AE87),"") | AH87: =IFERROR(AVERAGE(B87:K87),"") | AI87: 0.9050827 | AJ87: 0.044574738
A88: 6898.jpg | D88: 0.91237251 | F88: 0.75070412 | H88: 0.94470555 | I88: 0.78891606 | K88: 0.88995744 | N88: 0.96031924 | P88: 0.78744035 | R88: 0.98643147 | S88: 0.94163424 | U88: 0.96265082 | X88: 0.94811609 | Z88: 0.94149081 | AB88: 0.95714324 | AC88: 0.82947729 | AE88: 0.9217856 | AF88: =IFERROR(AVERAGE(L88:U88),"") | AG88: =IFERROR(AVERAGE(V88:AE88),"") | AH88: =IFERROR(AVERAGE(B88:K88),"") | AI88: 0.94112015 | AJ88: 0.023155212
A89: 6905.jpg | D89: 0.85278127 | F89: 0.67445045 | H89: 0.92912891 | I89: 0.77307275 | K89: 0.87987722 | N89: 0.91471878 | P89: 0.82770211 | R89: 0.95002007 | S89: 0.8018018 | U89: 0.96807546 | X89: 0.92643936 | Z89: 0.78460636 | AB89: 0.97687963 | AC89: 0.9557047 | AE89: 0.90617066 | AF89: =IFERROR(AVERAGE(L89:U89),"") | AG89: =IFERROR(AVERAGE(V89:AE89),"") | AH89: =IFERROR(AVERAGE(B89:K89),"") | AI89: 0.92682648 | AJ89: 0.020843506
A90: 6906.jpg | D90: 0.9265194 | F90: 0.65962748 | H90: 0.90821129 | I90: 0.67013287 | K90: 0.90894492 | N90: 0.98618488 | P90: 0.77055742 | R90: 0.9793486 | S90: 0.90909091 | U90: 0.95795333 | X90: 0.93870309 | Z90: 0.82085271 | AB90: 0.92594436 | AC90: 0.71826625 | AE90: 0.94671465 | AF90: =IFERROR(AVERAGE(L90:U90),"") | AG90: =IFERROR(AVERAGE(V90:AE90),"") | AH90: =IFERROR(AVERAGE(B90:K90),"") | AI90: 0.93158722 | AJ90: 0.027946472
A91: 6907.jpg | D91: 0.86277174 | F91: 0.65905097 | H91: 0.93412975 | I91: 0.81701286 | K91: 0.85073123 | N91: 0.90089853 | P91: 0.71775241 | R91: 0.95979153 | S91: 0.84979424 | U91: 0.98750164 | X91: 0.95324141 | Z91: 0.88960434 | AB91: 0.97217426 | AC91: 0.95491329 | AE91: 0.85999103 | AF91: =IFERROR(AVERAGE(L91:U91),"") | AG91: =IFERROR(AVERAGE(V91:AE91),"") | AH91: =IFERROR(AVERAGE(B91:K91),"") | AI91: 0.9094429 | AJ91: 0.041244507
A92: 6910.jpg | D92: 0.89623839 | F92: 0.71710838 | G92: 0.75733374 | H92: 0.91942167 | I92: 0.83414634 | K92: 0.83656314 | N92: 0.98394917 | P92: 0.85227629 | Q92: 0.98432977 | R92: 0.95884255 | S92: 0.94370861 | U92: 0.93816546 | X92: 0.90953583 | Z92: 0.8188929 | AA92: 0.76657598 | AB92: 0.95719781 | AC92: 0.87782341 | AE92: 0.88538123 | AF92: =IFERROR(AVERAGE(L92:U92),"") | AG92: =IFERROR(AVERAGE(V92:AE92),"") | AH92: =IFERROR(AVERAGE(B92:K92),"") | AI92: 0.90408707 | AJ92: 0.044258118
A93: 6912.jpg | D93: 0.62539683 | F93: 0.78514255 | H93: 0.92883295 | K93: 0.83652033 | N93: 0.63507415 | P93: 0.84601221 | R93: 0.97230718 | U93: 0.96846984 | X93: 0.97621407 | Z93: 0.91605456 | AB93: 0.95407257 | AE93: 0.85994022 | AF93: =IFERROR(AVERAGE(L93:U93),"") | AG93: =IFERROR(AVERAGE(V93:AE93),"") | AH93: =IFERROR(AVERAGE(B93:K93),"") | AI93: 0.91962051 | AJ93: 0.045787811
A94: 6915.jpg | B94: 0 | D94: 0 | H94: 0.95535151 | K94: 0.87306763 | N94: 0 | R94: 0.96764808 | U94: 0.98238613 | V94: 0 | AB94: 0.98687302 | AE94: 0.88695182 | AF94: =IFERROR(AVERAGE(L94:U94),"") | AG94: =IFERROR(AVERAGE(V94:AE94),"") | AH94: =IFERROR(AVERAGE(B94:K94),"") | AI94: 0.91483307 | AJ94: 0.01525116
A95: 6920.jpg | B95: 0 | D95: 0 | F95: 0.18276357 | G95: 0.82793852 | H95: 0.88870631 | K95: 0.94173606 | N95: 0 | P95: 0.21381625 | Q95: 0.96963298 | R95: 0.92413484 | U95: 0.96689775 | V95: 0 | Z95: 0.55721574 | AA95: 0.84997796 | AB95: 0.95864597 | AE95: 0.97310993 | AF95: =IFERROR(AVERAGE(L95:U95),"") | AG95: =IFERROR(AVERAGE(V95:AE95),"") | AH95: =IFERROR(AVERAGE(B95:K95),"") | AI95: 0.90632248 | AJ95: 0.0087203979
A96: 6927.jpg | D96: 0.58321819 | F96: 0.95323738 | H96: 0.90502111 | I96: 0.31520155 | K96: 0.67531747 | N96: 0.58913843 | P96: 0.9820293 | R96: 0.92450804 | S96: 0.94987194 | U96: 0.94759367 | X96: 0.98306161 | Z96: 0.97016069 | AB96: 0.97723985 | AC96: 0.3205334 | AE96: 0.7015179 | AF96: =IFERROR(AVERAGE(L96:U96),"") | AG96: =IFERROR(AVERAGE(V96:AE96),"") | AH96: =IFERROR(AVERAGE(B96:K96),"") | AI96: 0.88063812 | AJ96: 0.071102142
A97: 6951.jpg | D97: 0.9227806 | F97: 0.8990449 | G97: 0.93375434 | H97: 0.75468122 | I97: 0 | J97: 0.78752887 | K97: 0.61149188 | N97: 0.9475009 | P97: 0.91273222 | Q97: 0.93917993 | R97: 0.94090686 | S97: 0 | T97: 0.8564765 | U97: 0.98409688 | X97: 0.97250415 | Z97: 0.98359375 | AA97: 0.99385125 | AB97: 0.79223086 | AD97: 0.9072596 | AE97: 0.61759481 | AF97: =IFERROR(AVERAGE(L97:U97),"") | AG97: =IFERROR(AVERAGE(V97:AE97),"") | AH97: =IFERROR(AVERAGE(B97:K97),"") | AI97: 0.85529709 | AJ97: 0.090908051
A98: 6952.jpg | D98: 0.90735695 | F98: 0.87007777 | G98: 0.96938214 | H98: 0.90498517 | I98: 0 | J98: 0.88935231 | K98: 0.69842016 | N98: 0.96744139 | P98: 0.90151836 | Q98: 0.97443567 | R98: 0.96823103 | S98: 0 | T98: 0.98612622 | U98: 0.97510045 | X98: 0.9359372 | Z98: 0.96146191 | AA98: 0.99467855 | AB98: 0.93267997 | AD98: 0.90062112 | AE98: 0.71110225 | AF98: =IFERROR(AVERAGE(L98:U98),"") | AG98: =IFERROR(AVERAGE(V98:AE98),"") | AH98: =IFERROR(AVERAGE(B98:K98),"") | AI98: 0.91792297 | AJ98: 0.052726746
A99: 6954.jpg | D99: 0.90522453 | F99: 0.74492812 | G99: 0.97984513 | H99: 0.82198521 | J99: 0.69930417 | K99: 0.79700932 | N99: 0.9679132 | P99: 0.90352807 | Q99: 0.98620045 | R99: 0.96674966 | T99: 0.83600713 | U99: 0.89924607 | X99: 0.93322947 | Z99: 0.80929791 | AA99: 0.99346616 | AB99: 0.84589992 | AD99: 0.81048387 | AE99: 0.87516031 | AF99: =IFERROR(AVERAGE(L99:U99),"") | AG99: =IFERROR(AVERAGE(V99:AE99),"") | AH99: =IFERROR(AVERAGE(B99:K99),"") | AI99: 0.89242935 | AJ99: 0.066387177
A100: 6959.jpg | D100: 0.91707079 | F100: 0.84156156 | H100: 0.89031364 | I100: 0.77547893 | J100: 0.85084466 | K100: 0.80088088 | N100: 0.96229056 | P100: 0.92893132 | R100: 0.93023133 | S100: 0.80766161 | T100: 0.8813487 | U100: 0.94399305 | X100: 0.95125648 | Z100: 0.89947362 | AB100: 0.95401799 | AC100: 0.95112782 | AD100: 0.96091205 | AE100: 0.84083406 | AF100: =IFERROR(AVERAGE(L100:U100),"") | AG100: =IFERROR(AVERAGE(V100:AE100),"") | AH100: =IFERROR(AVERAGE(B100:K100),"") | AI100: 0.91186905 | AJ100: 0.028720856
...

Sheet Parámetros
A1: Parámetros de cada modelo
A2: Tal como están en las celdas de configuración de cada cuaderno.
A4: Parámetro | B4: U-Net | C4: DeepLabV3+ | D4: YOLO11n-seg
A5: Datos
A6: Dataset | B6: FloodNet-Supervised v1.0 (2.343 imágenes con máscara) | C6: Ídem | D6: Ídem
A7: Partición train / val / test | B7: 1.387 / 434 / 426 (oficial sin máscaras de una sola clase) | C7: Ídem | D7: Ídem
A8: Máscaras corregidas | B8: 398 de data_finally sustituyen a la oficial | C8: Ídem | D8: Ídem
A9: Resolución de entrada | B9: 512×512 | C9: 512×512 | D9: 512×512
A10: Modelo
A11: Arquitectura | B11: U-Net híbrida CNN + ViT con attention gates y deep supervision | C11: DeepLabV3+ (segmentation-models-pytorch) | D11: YOLO11n-seg (Ultralytics), segmentación de instancias
A12: Encoder / backbone | B12: ConvNeXt-Tiny (ImageNet) + 12 bloques Transformer (dim 512, 8 cabezas) | C12: resnet50 (imagenet), output stride 16 | D12: yolo11n-seg.pt preentrenado en COCO
A13: Cuello / cabeza | B13: ASPP (dilataciones 1/6/12/18) + decoder ×5 con attention gates | C13: ASPP + decoder ligero a 1/4 | D13: Cajas + 32 prototipos de máscara (128×128)
A14: Parámetros | B14: 86.680.082 | C14: 26.679.898 | D14: 2.851.654
A15: Entrenamiento
A16: Épocas | B16: 30 | C16: 40 | D16: 300 máx. (235 ejecutadas, early stopping)
A17: Batch | B17: 4 | C17: 8 | D17: 16
A18: Optimizador | B18: AdamW, lr 3e-5, weight decay 1e-4 | C18: AdamW, lr 0.0001, weight decay 0.0001 | D18: auto → AdamW, lr 0.000714, momentum 0.9
A19: Scheduler | B19: CosineAnnealingWarmRestarts (T₀ = 10, T_mult = 2) | C19: CosineAnnealingLR(T_max=epochs) | D19: Lineal de Ultralytics (cierre de mosaico en las 10 últimas)
A20: Pérdida | B20: Dice + Lovász-Softmax (salida principal) + CE ponderada y Dice en 2 salidas auxiliares (×0,1 y ×0,05) | C20: CrossEntropy ponderada 1/log(1.02+n) + Dice multiclase | D20: Pérdidas de Ultralytics: caja, máscara, clase y DFL
A21: Pesos por clase | B21: 1 / log(1,02 + n), n = imágenes de train con la clase | C21: Ídem | D21: No
A22: Desbalance | B22: Oversampling target_ratio 0,5 (3.495 imágenes/época) | C22: No | D22: No
A23: Augmentación | B23: aug_normal + aug_strong para las copias del oversampling | C23: aug_normal del cuaderno principal: flips, rot90, affine, brillo/contraste, gamma | D23: Ultralytics: mosaico 1.0, fliplr 0.5, flipud 0.5
A24: Precisión mixta (AMP) | B24: Sí | C24: Sí | D24: Sí
A25: Recorte de gradiente | B25: max_norm 0,5 | C25: max_norm 1,0 | D25: Ultralytics (max_norm 10)
A26: Early stopping | B26: patience 50 sobre pérdida de val (no se disparó) | C26: No | D26: patience 50 sobre fitness de val
A27: Selección del checkpoint | B27: Mejor mIoU en val | C27: mejor mIoU (10 clases) en val | D27: Mejor fitness de val (mAP caja + máscara)
A28: Semilla | B28: No fijada | C28: 42 | D28: 42 (deterministic)
A29: Inferencia y evaluación
A30: TTA | B30: Sí: original + 3 volteos, media de softmax | C30: No | D30: No
A31: Post-proceso | B31: argmax | C31: argmax | D31: conf 0.25 (elegido en val), NMS iou 0.7, max_det 300, repintado de mayor a menor área
A32: Conversión de máscaras | B32: — | C32: — | D32: Polígonos: área mínima 20 px, ε 1.0 px; techo mIoU 0,984
A33: Exportación | B33: Checkpoint .pth | C33: ONNX opset 18, normalización dentro del grafo | D33: ONNX opset 17, NMS fuera del grafo
A34: Checkpoint usado | B34: models/best_model_iou_full.pth | C34: models/deeplabv3plus_r50_floodnet_full.onnx | D34: runs/yolo/yolo11n-seg-full/weights/best.pt
